,Cluster_0,Cluster_1,Cluster_2,Cluster_3,Cluster_4,Cluster_5,Cluster_6,Cluster_7,Cluster_8,Cluster_9,Cluster_10,Cluster_11,Cluster_12,Cluster_13,Cluster_15,Cluster_16,Cluster_17,Cluster_18,Cluster_19,Cluster_20,Cluster_21,Cluster_22,Cluster_23
Cluster_0,0.9999999999999999,0.47178423103271183,0.8010701143204496,0.26754856891778306,0.27069931836888095,0.7150775311096846,0.4074737028778458,0.7259226176463925,0.61351276807569,0.569173880565329,0.3960908608590191,0.3991641949794292,0.23024245435910878,0.5604985974868095,0.19492745452833168,0.12358430291310721,0.5358592055827138,0.09541349209288624,0.4881719456829862,0.12622494017255229,0.28623535999662536,0.3959778932775302,0.2603208320710789
Cluster_1,0.4717842310327119,1.0,0.2654561797999332,0.41223671364603,0.2417548405714114,0.401991360320294,0.7288749495501624,0.3517789450898656,0.23784205773325554,0.34466744310261954,0.5372885224067591,0.5094606824876015,0.35197794144920996,0.1934685873191402,0.12463577124871836,0.21561174347585418,0.3672400840021436,0.13084025528149,0.44379983117043603,0.2910966869881422,0.32796181017823167,0.4177927072074513,0.3361287679745792
Cluster_2,0.8010701143204496,0.2654561797999332,1.0,0.13653311542670765,0.18319152963190163,0.5814242840824984,0.24812021382062255,0.6499388181122444,0.5684448246815608,0.45714765049486317,0.2561584918483979,0.22269998634195223,0.12938731596374317,0.6300238941837811,0.15516321669443925,0.044784581913569856,0.45668515416616173,0.06466225138224753,0.3934719105590357,0.06525206996654323,0.196131843793442,0.28549378441469286,0.18135799047182133
Cluster_3,0.26754856891778306,0.41223671364603,0.13653311542670765,1.0,0.09622281683794374,0.19993764709507666,0.32755048202093445,0.18010976799439138,0.1171429895261815,0.18561247030045241,0.2596270230662621,0.2550622393988945,0.22220541896790727,0.09075175222590784,0.1527089466553084,0.1792538897590963,0.19556127699843812,0.1269789845546091,0.1996335184712216,0.1994778353795581,0.19302693173744317,0.20991602349298707,0.152601275257815
Cluster_4,0.2706993183688809,0.24175484057141142,0.18319152963190163,0.09622281683794376,1.0,0.1354630264140537,0.21860097342741872,0.2111215306193419,0.179199941780352,0.5967962858231209,0.1732424531412897,0.3808663993872045,0.05362168566787162,0.12556120132072285,0.03120654840069215,0.028894122081519102,0.3875508189124258,0.041301052801004344,0.33809403564358886,0.0868757378738182,0.27406445553463304,0.3966754783678967,0.2026939054484659
Cluster_5,0.7150775311096846,0.401991360320294,0.5814242840824982,0.1999376470950767,0.1354630264140537,0.9999999999999999,0.32752101799142186,0.5497572971720331,0.4372911667937738,0.35765521655233456,0.38068652433918027,0.30411684252721516,0.21713136655544038,0.4270576783036387,0.15331305496527964,0.08521773255591661,0.4092231904421884,0.09390888652883977,0.3388422134878985,0.10453016404107499,0.28820563260454374,0.27773146502859564,0.18756391082212506
Cluster_6,0.40747370287784584,0.7288749495501624,0.24812021382062252,0.32755048202093445,0.21860097342741872,0.32752101799142186,0.9999999999999998,0.30559613933647967,0.23274480220328417,0.3499412338867177,0.4261720452298892,0.44093989561738756,0.2534106892042934,0.179127891803495,0.09097447954612682,0.16250106037668535,0.34433848538386924,0.11513273957988632,0.3989110909556162,0.2506272917364428,0.27639353503171354,0.378977005461941,0.27906918269827596
Cluster_7,0.7259226176463925,0.35177894508986557,0.6499388181122444,0.18010976799439138,0.21112153061934186,0.549757297172033,0.30559613933647967,1.0,0.47077214155271657,0.489161382531373,0.2875778750535417,0.2870704498301559,0.15672280181751055,0.4402264353258275,0.13197809416385797,0.0882048247670441,0.416497572367397,0.06663758486999505,0.39951585727096917,0.09010512996113086,0.2263297885138736,0.3052380207371873,0.19049455545006713
Cluster_8,0.61351276807569,0.23784205773325554,0.5684448246815609,0.1171429895261815,0.17919994178035198,0.4372911667937737,0.23274480220328417,0.4707721415527166,1.0,0.5410421702314792,0.22970723643943358,0.20578358262423704,0.12790044301454237,0.3960744127906726,0.08896877262844086,0.03490038971538056,0.3915103312404669,0.3121909560674695,0.3929954622206038,0.06249992682801455,0.17911736368832762,0.2933103946457592,0.16129936056219685
Cluster_9,0.569173880565329,0.34466744310261954,0.45714765049486317,0.18561247030045244,0.5967962858231209,0.35765521655233456,0.3499412338867177,0.48916138253137303,0.541042170231479,1.0,0.277502789784736,0.4631538616386074,0.11425337345601402,0.31522586589935125,0.06807679702914496,0.05958343355169634,0.507028247809483,0.08233279226485496,0.5669000470371949,0.12728467550220346,0.24661776914470793,0.46983960021572435,0.27025120454784973
Cluster_10,0.3960908608590191,0.5372885224067591,0.25615849184839784,0.2596270230662621,0.17324245314128972,0.3806865243391803,0.4261720452298892,0.28757787505354176,0.2297072364394336,0.27750278978473597,0.9999999999999998,0.43266300191410034,0.3332827440938762,0.18549000515737032,0.11460379706677142,0.12502402579017877,0.2979265884255519,0.13918360268399685,0.3057988401710937,0.1341458638782571,0.20586118591435779,0.28353605864495707,0.2039180900940259
Cluster_11,0.3991641949794291,0.5094606824876015,0.2226999863419522,0.25506223939889444,0.3808663993872045,0.30411684252721516,0.44093989561738756,0.2870704498301559,0.20578358262423702,0.4631538616386074,0.4326630019141004,1.0,0.15239232391096283,0.1433320816723771,0.047775385600664626,0.1353671705502745,0.3922756747556332,0.07515025116075237,0.40024580943405724,0.20718915885863348,0.21609211412454946,0.38457988030749723,0.27082504881525377
Cluster_12,0.2302424543591088,0.35197794144920996,0.1293873159637432,0.2222054189679073,0.05362168566787162,0.21713136655544038,0.2534106892042934,0.15672280181751055,0.12790044301454234,0.11425337345601404,0.3332827440938762,0.15239232391096283,1.0,0.08758928250035052,0.0904526813584806,0.10684615402361719,0.1329055151050881,0.07347935567176606,0.15355476880836413,0.07675742154422745,0.14010962285156367,0.13971484798092265,0.11493723358087918
Cluster_13,0.5604985974868095,0.19346858731914024,0.6300238941837811,0.09075175222590783,0.12556120132072285,0.42705767830363867,0.179127891803495,0.4402264353258275,0.3960744127906726,0.31522586589935125,0.18549000515737032,0.14333208167237707,0.08758928250035053,0.9999999999999999,0.11622527058424958,0.02554152993870846,0.33592243756533224,0.05454621341950815,0.2704337585514726,0.07420209369950567,0.1354622934362355,0.2022161554562313,0.15582254781275068
Cluster_15,0.19492745452833168,0.12463577124871836,0.15516321669443928,0.1527089466553084,0.03120654840069215,0.15331305496527964,0.09097447954612682,0.13197809416385797,0.08896877262844087,0.06807679702914496,0.11460379706677143,0.047775385600664626,0.09045268135848059,0.11622527058424958,1.0,0.02404257193442559,0.08760939961872168,0.10508863188016489,0.08713159895944766,0.038936835691809925,0.04271289613240591,0.0607921409911024,0.04958503255900653
Cluster_16,0.1235843029131072,0.21561174347585418,0.044784581913569856,0.1792538897590963,0.0288941220815191,0.08521773255591662,0.16250106037668532,0.08820482476704408,0.03490038971538056,0.05958343355169634,0.12502402579017877,0.1353671705502745,0.10684615402361719,0.02554152993870846,0.024042571934425595,0.9999999999999998,0.06809273893137611,0.019859325984332956,0.07124225904025558,0.0656295383234526,0.08186731914276038,0.08439978116743892,0.08506846073282551
Cluster_17,0.5358592055827138,0.3672400840021436,0.45668515416616173,0.19556127699843812,0.38755081891242577,0.4092231904421884,0.34433848538386924,0.41649757236739704,0.39151033124046686,0.507028247809483,0.2979265884255519,0.3922756747556332,0.1329055151050881,0.33592243756533224,0.08760939961872168,0.06809273893137611,1.0,0.08202873647017433,0.40025320856426566,0.12926344218478075,0.22322003679069152,0.3668599805406739,0.24132106985801685
Cluster_18,0.09541349209288624,0.13084025528149001,0.06466225138224753,0.1269789845546091,0.04130105280100435,0.09390888652883977,0.11513273957988632,0.06663758486999505,0.31219095606746944,0.08233279226485497,0.13918360268399685,0.07515025116075237,0.07347935567176606,0.05454621341950815,0.10508863188016487,0.019859325984332953,0.08202873647017433,1.0,0.07651162233715979,0.046439436180157175,0.05987428284982509,0.08289184030181757,0.0751825491137849
Cluster_19,0.4881719456829862,0.4437998311704361,0.3934719105590357,0.1996335184712216,0.33809403564358886,0.33884221348789856,0.3989110909556163,0.39951585727096917,0.3929954622206037,0.566900047037195,0.30579884017109366,0.40024580943405724,0.15355476880836413,0.2704337585514726,0.08713159895944766,0.07124225904025556,0.4002532085642656,0.0765116223371598,1.0,0.17337492380167616,0.23089911024911608,0.3792044610979758,0.2570783539222306
Cluster_20,0.12622494017255226,0.2910966869881422,0.06525206996654323,0.19947783537955807,0.08687573787381819,0.10453016404107499,0.2506272917364428,0.09010512996113088,0.06249992682801455,0.12728467550220346,0.1341458638782571,0.2071891588586335,0.07675742154422745,0.07420209369950566,0.03893683569180993,0.0656295383234526,0.12926344218478072,0.046439436180157175,0.17337492380167616,0.9999999999999998,0.12079480022197539,0.14642683659089664,0.15119918801211935
Cluster_21,0.28623535999662536,0.32796181017823167,0.196131843793442,0.19302693173744317,0.27406445553463304,0.28820563260454374,0.2763935350317136,0.22632978851387356,0.17911736368832762,0.24661776914470793,0.20586118591435776,0.21609211412454946,0.14010962285156367,0.1354622934362355,0.04271289613240592,0.08186731914276038,0.22322003679069155,0.05987428284982509,0.23089911024911605,0.12079480022197538,1.0,0.2260621265067623,0.12809025883863986
Cluster_22,0.39597789327753025,0.4177927072074513,0.2854937844146929,0.20991602349298707,0.39667547836789663,0.27773146502859564,0.3789770054619411,0.3052380207371873,0.29331039464575925,0.4698396002157243,0.28353605864495707,0.38457988030749723,0.13971484798092262,0.2022161554562313,0.060792140991102396,0.08439978116743892,0.366859980540674,0.08289184030181758,0.3792044610979758,0.14642683659089664,0.22606212650676233,1.0,0.20958169400839874
Cluster_23,0.2603208320710789,0.3361287679745792,0.18135799047182133,0.152601275257815,0.2026939054484659,0.18756391082212504,0.27906918269827596,0.19049455545006713,0.16129936056219685,0.2702512045478497,0.20391809009402592,0.2708250488152538,0.11493723358087919,0.15582254781275068,0.04958503255900654,0.08506846073282551,0.24132106985801685,0.07518254911378489,0.2570783539222306,0.15119918801211935,0.1280902588386399,0.20958169400839874,1.0
