,Cluster_1,Cluster_10,Cluster_11,Cluster_13,Cluster_14,Cluster_16,Cluster_17,Cluster_18,Cluster_19,Cluster_2,Cluster_21,Cluster_22,Cluster_23,Cluster_3,Cluster_4,Cluster_5,Cluster_6,Cluster_7,Cluster_9,Cluster_0.0
Cluster_1,1.0,0.19198677916317466,0.34481133805840714,0.10979711131289371,0.4644487301193782,0.10237168475787968,0.22892456472347145,0.22947130154053635,0.20652371358656205,0.16765196930565893,0.19128084309234636,0.237558213418202,0.17161020388415377,0.2553195944792696,0.2639769365324102,0.1623848390637191,0.1955232695067902,0.2320766171443006,0.2310968691553534,0.2538819662548795
Cluster_10,0.1919867791631747,1.0,0.3409090226156418,0.1549685777923619,0.3480988830933359,0.060241439097735876,0.15784802463690764,0.2003455832151176,0.16332877653315658,0.1461181065177843,0.18348442375971977,0.19909489291965132,0.14163849891301764,0.19529620208323378,0.24027090326270248,0.21821797705047652,0.18574260545507348,0.2319512966557368,0.20235479852417704,0.16441465017489387
Cluster_11,0.3448113380584072,0.3409090226156418,1.0,0.19080881795603177,0.7007303578106673,0.11117203458893417,0.35297368401203144,0.27174064454879954,0.21975016583733872,0.19919721536698662,0.2307926530384355,0.3212302634242594,0.24735166635285283,0.2370067823690584,0.3389577543029562,0.2450854195349486,0.3246039295911124,0.3151977623593153,0.2993348551502022,0.3255443368008489
Cluster_13,0.10979711131289371,0.1549685777923619,0.19080881795603175,1.0,0.2473230831633823,0.01955272709980025,0.21704710434779656,0.08413212734834564,0.28090769098919766,0.38080743368139647,0.3469568093210281,0.26342069843300947,0.21231028325293802,0.09460073420127095,0.5176236902323056,0.6646987077673198,0.20493399071193283,0.5052657301317617,0.3716630189358415,0.3331260093317412
Cluster_14,0.4644487301193782,0.348098883093336,0.7007303578106673,0.2473230831633823,1.0,0.14915401175595577,0.528709926559672,0.4098804303420971,0.33869986236000166,0.28347031377071213,0.3784443713720184,0.47058451719357536,0.3283327407082156,0.3391415179816374,0.5316632112871753,0.3315798378913204,0.48353234420760466,0.4463383913139883,0.42902225629080115,0.444509493679877
Cluster_16,0.1023716847578797,0.06024143909773587,0.11117203458893415,0.01955272709980025,0.14915401175595575,0.9999999999999999,0.08068098718073519,0.16566484701750137,0.07517643590511533,0.06087204717755205,0.11581362890025156,0.0704406005984994,0.05283466737004227,0.25941483986814506,0.08545411421719924,0.042873769064370966,0.0904276761946472,0.08843695155262737,0.08575616959183194,0.07731220208437158
Cluster_17,0.22892456472347147,0.15784802463690767,0.35297368401203144,0.2170471043477966,0.528709926559672,0.08068098718073519,0.9999999999999998,0.22265105334962934,0.28186656385279524,0.25274736902621014,0.3027331788083289,0.26975082221044594,0.21479713609298373,0.1958645151251677,0.4390638030415772,0.3032386283218579,0.2911848255316947,0.3605907755611395,0.35607790315504384,0.33798609211579095
Cluster_18,0.22947130154053638,0.2003455832151176,0.27174064454879954,0.08413212734834566,0.4098804303420971,0.16566484701750137,0.2226510533496293,1.0,0.1685415860709017,0.11630715045615497,0.2575036860785274,0.15193591355205552,0.19346777839845272,0.4380133063774121,0.1908670519782242,0.1352545484358318,0.12947822811654475,0.1559296788133139,0.1541266367186101,0.1476815211802737
Cluster_19,0.20652371358656205,0.16332877653315658,0.21975016583733872,0.2809076909891977,0.33869986236000166,0.07517643590511533,0.2818665638527953,0.1685415860709017,1.0,0.4190805323678383,0.29554044794670736,0.2541346982008135,0.24481957728944612,0.12775179328031916,0.5699909401690869,0.3708815669366632,0.28897439393927093,0.48564425958760893,0.4554834637618666,0.39043070165078037
Cluster_2,0.16765196930565893,0.1461181065177843,0.19919721536698662,0.38080743368139647,0.2834703137707121,0.06087204717755205,0.25274736902621014,0.11630715045615496,0.41908053236783827,0.9999999999999999,0.30994322187046014,0.2589846312763987,0.29240849144781744,0.11327059036151631,0.7210913776049916,0.48211319680614834,0.25615015013042125,0.6822303374801569,0.4807239722175848,0.44313854247846773
Cluster_21,0.1912808430923464,0.18348442375971977,0.2307926530384355,0.3469568093210282,0.3784443713720184,0.11581362890025157,0.30273317880832884,0.25750368607852736,0.29554044794670736,0.30994322187046014,1.0,0.30016443157110156,0.22799750785284512,0.26797353747591623,0.505303929965502,0.4621436365242858,0.2778664356784007,0.4464327776243504,0.3832676140646645,0.3465781262697135
Cluster_22,0.237558213418202,0.19909489291965132,0.3212302634242594,0.2634206984330095,0.4705845171935753,0.07044060059849941,0.26975082221044594,0.1519359135520555,0.2541346982008135,0.2589846312763987,0.30016443157110156,1.0,0.2085349300392555,0.13274144262774654,0.4509656504350653,0.2910895717079418,0.28752768378030114,0.40404287105318776,0.32141287394735957,0.30978897410738604
Cluster_23,0.17161020388415377,0.14163849891301764,0.24735166635285283,0.21231028325293802,0.3283327407082156,0.05283466737004227,0.2147971360929837,0.19346777839845272,0.24481957728944612,0.29240849144781744,0.22799750785284512,0.20853493003925552,0.9999999999999999,0.19311241610966515,0.44446415237504483,0.27346632380546504,0.1809148159466998,0.4026861813807669,0.34459330101854274,0.34815003266237776
Cluster_3,0.25531959447926966,0.19529620208323378,0.2370067823690584,0.09460073420127096,0.3391415179816374,0.25941483986814506,0.1958645151251677,0.4380133063774121,0.12775179328031916,0.11327059036151632,0.26797353747591623,0.13274144262774654,0.19311241610966515,1.0,0.20240507735933688,0.1548343644603469,0.13459645495097106,0.1881913479770118,0.18746368647057823,0.159734166325811
Cluster_4,0.2639769365324102,0.24027090326270248,0.3389577543029562,0.5176236902323056,0.5316632112871753,0.08545411421719924,0.43906380304157727,0.1908670519782242,0.5699909401690869,0.7210913776049915,0.5053039299655019,0.45096565043506526,0.44446415237504483,0.20240507735933688,1.0,0.6488311455737664,0.44339907204511,0.9098329139317362,0.7407294333767849,0.6434251451579974
Cluster_5,0.1623848390637191,0.21821797705047652,0.2450854195349486,0.6646987077673198,0.3315798378913204,0.042873769064370966,0.3032386283218579,0.1352545484358318,0.3708815669366632,0.48211319680614834,0.4621436365242858,0.2910895717079418,0.2734663238054651,0.1548343644603469,0.6488311455737663,0.9999999999999999,0.26251599112058194,0.6585597726498754,0.4539751242698621,0.44351115419414944
Cluster_6,0.1955232695067902,0.18574260545507348,0.3246039295911124,0.2049339907119328,0.48353234420760466,0.0904276761946472,0.2911848255316947,0.12947822811654472,0.28897439393927093,0.25615015013042125,0.27786643567840075,0.28752768378030114,0.1809148159466998,0.13459645495097106,0.44339907204511,0.26251599112058194,1.0,0.38539060509794676,0.3557432829095486,0.31911762127758253
Cluster_7,0.23207661714430058,0.2319512966557368,0.3151977623593153,0.5052657301317617,0.44633839131398834,0.08843695155262737,0.36059077556113955,0.1559296788133139,0.485644259587609,0.6822303374801568,0.44643277762435035,0.4040428710531877,0.40268618138076695,0.18819134797701184,0.9098329139317362,0.6585597726498754,0.38539060509794676,1.0,0.6260557294927713,0.6133391476714078
Cluster_9,0.2310968691553534,0.202354798524177,0.2993348551502022,0.37166301893584147,0.4290222562908011,0.08575616959183194,0.35607790315504384,0.15412663671861007,0.4554834637618666,0.4807239722175848,0.3832676140646645,0.32141287394735957,0.34459330101854274,0.18746368647057826,0.7407294333767849,0.4539751242698621,0.3557432829095486,0.6260557294927713,0.9999999999999999,0.49947352099210435
Cluster_0.0,0.2538819662548796,0.16441465017489387,0.3255443368008489,0.33312600933174114,0.444509493679877,0.07731220208437158,0.33798609211579095,0.1476815211802737,0.3904307016507804,0.44313854247846773,0.3465781262697135,0.30978897410738604,0.34815003266237776,0.159734166325811,0.6434251451579974,0.44351115419414944,0.31911762127758253,0.6133391476714078,0.4994735209921044,0.9999999999999999
