names,scores,logfoldchanges,pvals,pvals_adj,time_point,cluster,abs_logfoldchanges,-log10_pvals_adj,significant,regulation
Grik2,1.5909632,1.6460569,0.11161783849179022,1.0,p7,21,1.6460569,-0.0,False,not_significant
Slc25a18,1.0867406,2.66493,0.2771514348447429,1.0,p7,21,2.66493,-0.0,False,not_significant
Depdc5,1.0773453,1.0320683,0.2813260684820509,1.0,p7,21,1.0320683,-0.0,False,not_significant
Chd7,1.047593,0.7913914,0.2948261864527685,1.0,p7,21,0.7913914,-0.0,False,not_significant
Nlgn2,0.9802589,0.4277736,0.32695834921999034,1.0,p7,21,0.4277736,-0.0,False,not_significant
Bmpr2,0.858118,0.8559572,0.3908273129125708,1.0,p7,21,0.8559572,-0.0,False,not_significant
Gnb2,0.8455907,0.63015133,0.3977811026401964,1.0,p7,21,0.63015133,-0.0,False,not_significant
Zmiz1,0.83776116,1.2003584,0.40216484568398536,1.0,p7,21,1.2003584,-0.0,False,not_significant
Atp6v1e1,0.81583846,2.2393327,0.41459253503444915,1.0,p7,21,2.2393327,-0.0,False,not_significant
Msi2,0.8142725,0.7846625,0.4154888326159045,1.0,p7,21,0.7846625,-0.0,False,not_significant
Mfge8,0.7422407,0.8767727,0.4579414856463492,1.0,p7,21,0.8767727,-0.0,False,not_significant
Adcy1,0.73754305,0.67349344,0.4607921921080739,1.0,p7,21,0.67349344,-0.0,False,not_significant
Rac1,0.7297135,2.3574252,0.46556534228500435,1.0,p7,21,2.3574252,-0.0,False,not_significant
Trak2,0.7109226,1.2062827,0.4771322185035052,1.0,p7,21,1.2062827,-0.0,False,not_significant
Efhd2,0.70935667,3.3817627,0.47810317441522887,1.0,p7,21,3.3817627,-0.0,False,not_significant
Pdpk1,0.65141803,2.0014508,0.5147766695232854,1.0,p7,21,2.0014508,-0.0,False,not_significant
Nipbl,0.65141803,0.44039017,0.5147766695232854,1.0,p7,21,0.44039017,-0.0,False,not_significant
Lhx5,0.6326271,1.2615271,0.5269771638876823,1.0,p7,21,1.2615271,-0.0,False,not_significant
Gap43,0.6138362,0.65781075,0.5393235544616275,1.0,p7,21,0.65781075,-0.0,False,not_significant
Igf1r,0.6107044,0.73585665,0.5413952853257729,1.0,p7,21,0.73585665,-0.0,False,not_significant
Atp1b2,0.6075726,0.920165,0.5434709824014077,1.0,p7,21,0.920165,-0.0,False,not_significant
Stx16,0.60130894,0.6786853,0.5476342238659648,1.0,p7,21,0.6786853,-0.0,False,not_significant
Draxin,0.56372714,1.9615775,0.5729398381667965,1.0,p7,21,1.9615775,-0.0,False,not_significant
Nr2e1,0.55119985,3.7232,0.5814966632652552,1.0,p7,21,3.7232,-0.0,False,not_significant
Plcg1,0.54180443,1.534314,0.5879532419337937,1.0,p7,21,1.534314,-0.0,False,not_significant
Nfib,0.5308431,0.21979049,0.5955275346332579,1.0,p7,21,0.21979049,-0.0,False,not_significant
Arhgef7,0.52927715,1.6857225,0.5966131999968781,1.0,p7,21,1.6857225,-0.0,False,not_significant
Pou3f3,0.5198817,0.38650325,0.6031460283741075,1.0,p7,21,0.38650325,-0.0,False,not_significant
Ptprz1,0.497959,1.224545,0.6185129538700909,1.0,p7,21,1.224545,-0.0,False,not_significant
Cdc42,0.49639308,1.6611042,0.6196171116933544,1.0,p7,21,1.6611042,-0.0,False,not_significant
L1cam,0.49326125,1.462024,0.6218280011026397,1.0,p7,21,1.462024,-0.0,False,not_significant
Wwp1,0.48856354,28.667856,0.6251507388763542,1.0,p7,21,28.667856,-0.0,False,not_significant
Gabra4,0.463509,0.66881675,0.642999573260207,1.0,p7,21,0.66881675,-0.0,False,not_significant
Cul5,0.43532264,0.9699094,0.6633282599760748,1.0,p7,21,0.9699094,-0.0,False,not_significant
Cul1,0.4321908,0.50528127,0.6656027352405142,1.0,p7,21,0.50528127,-0.0,False,not_significant
Tbc1d24,0.429059,0.8727314,0.6678802911863888,1.0,p7,21,0.8727314,-0.0,False,not_significant
Grk3,0.40713626,2.0439775,0.6839079027878961,1.0,p7,21,2.0439775,-0.0,False,not_significant
Atp1a1,0.40243855,0.8060719,0.6873613055992334,1.0,p7,21,0.8060719,-0.0,False,not_significant
Hras,0.38677946,2.8294046,0.6989194843722666,1.0,p7,21,2.8294046,-0.0,False,not_significant
Ssh3,0.38677946,3.0453331,0.6989194843722666,1.0,p7,21,3.0453331,-0.0,False,not_significant
S100b,0.38677946,3.191892,0.6989194843722666,1.0,p7,21,3.191892,-0.0,False,not_significant
Numb,0.38677946,2.755933,0.6989194843722666,1.0,p7,21,2.755933,-0.0,False,not_significant
Vhl,0.38677946,3.6223688,0.6989194843722666,1.0,p7,21,3.6223688,-0.0,False,not_significant
Pdcd1lg2,0.38364765,3.9102292,0.701239623293304,1.0,p7,21,3.9102292,-0.0,False,not_significant
Stx1a,0.3789499,0.6544533,0.7047250556350335,1.0,p7,21,0.6544533,-0.0,False,not_significant
Gnao1,0.3382363,-0.20591235,0.7351851309041815,1.0,p7,21,0.20591235,-0.0,False,not_significant
Sun2,0.33197266,1.4202181,0.7399099079689625,1.0,p7,21,1.4202181,-0.0,False,not_significant
Pak2,0.32884082,1.3130478,0.7422759948346785,1.0,p7,21,1.3130478,-0.0,False,not_significant
Mex3a,0.32884082,1.6693588,0.7422759948346785,1.0,p7,21,1.6693588,-0.0,False,not_significant
Fxyd7,0.32570902,26.261637,0.744644519714265,1.0,p7,21,26.261637,-0.0,False,not_significant
Rgs10,0.32570902,28.248085,0.744644519714265,1.0,p7,21,28.248085,-0.0,False,not_significant
Grm5,0.32570902,27.537247,0.744644519714265,1.0,p7,21,27.537247,-0.0,False,not_significant
Itga8,0.32570902,28.404919,0.744644519714265,1.0,p7,21,28.404919,-0.0,False,not_significant
Mcm2,0.32570902,28.110567,0.744644519714265,1.0,p7,21,28.110567,-0.0,False,not_significant
Atp6v1d,0.32570902,28.058878,0.744644519714265,1.0,p7,21,28.058878,-0.0,False,not_significant
Rasgrf2,0.32570902,26.144957,0.744644519714265,1.0,p7,21,26.144957,-0.0,False,not_significant
Prkca,0.31944537,0.26299477,0.749388800475101,1.0,p7,21,0.26299477,-0.0,False,not_significant
Sox9,0.31474766,0.71836054,0.752953256059734,1.0,p7,21,0.71836054,-0.0,False,not_significant
Olig2,0.30222037,0.4526399,0.7624840631178684,1.0,p7,21,0.4526399,-0.0,False,not_significant
Arid1b,0.29595676,1.1453131,0.767263108699246,1.0,p7,21,1.1453131,-0.0,False,not_significant
Slc1a3,0.29439086,1.2468137,0.7684592623194824,1.0,p7,21,1.2468137,-0.0,False,not_significant
Fezf2,0.28499538,2.2657964,0.7756476724125261,1.0,p7,21,2.2657964,-0.0,False,not_significant
Nlgn1,0.27873176,1.610863,0.7804506895477552,1.0,p7,21,1.610863,-0.0,False,not_significant
Snap29,0.27873176,1.5808796,0.7804506895477552,1.0,p7,21,1.5808796,-0.0,False,not_significant
Asxl3,0.27873176,1.7381102,0.7804506895477552,1.0,p7,21,1.7381102,-0.0,False,not_significant
Prkcb,0.27873176,1.6698053,0.7804506895477552,1.0,p7,21,1.6698053,-0.0,False,not_significant
Rock2,0.27559993,1.4479234,0.7828553562794959,1.0,p7,21,1.4479234,-0.0,False,not_significant
Pld4,0.27246812,0.99281555,0.7852620994424203,1.0,p7,21,0.99281555,-0.0,False,not_significant
Gng4,0.2693363,0.5180706,0.7876708972032667,1.0,p7,21,0.5180706,-0.0,False,not_significant
Dsp,0.26620448,0.3061891,0.7900817276698131,1.0,p7,21,0.3061891,-0.0,False,not_significant
Lrp8,0.26620448,1.1338047,0.7900817276698131,1.0,p7,21,1.1338047,-0.0,False,not_significant
Parp1,0.26463857,0.5287565,0.7912878983104291,1.0,p7,21,0.5287565,-0.0,False,not_significant
Fbxo38,0.2505454,0.8137746,0.8021656003082325,1.0,p7,21,0.8137746,-0.0,False,not_significant
Pak6,0.24114995,1.4358463,0.80943890275738,1.0,p7,21,1.4358463,-0.0,False,not_significant
Rbfox2,0.23488632,1.3788481,0.8142969739020407,1.0,p7,21,1.3788481,-0.0,False,not_significant
Smad1,0.2317545,0.19674471,0.8167287029826563,1.0,p7,21,0.19674471,-0.0,False,not_significant
Arhgef9,0.22862267,0.07384856,0.8191621976825489,1.0,p7,21,0.07384856,-0.0,False,not_significant
Slc6a1,0.22549085,0.59497505,0.8215974353980987,1.0,p7,21,0.59497505,-0.0,False,not_significant
Sema3c,0.22235905,2.7045157,0.8240343934752917,1.0,p7,21,2.7045157,-0.0,False,not_significant
Folr1,0.22235905,2.0949478,0.8240343934752917,1.0,p7,21,2.0949478,-0.0,False,not_significant
Gosr1,0.22235905,2.125579,0.8240343934752917,1.0,p7,21,2.125579,-0.0,False,not_significant
Clcn2,0.22235905,2.763609,0.8240343934752917,1.0,p7,21,2.763609,-0.0,False,not_significant
Itgb8,0.22235905,1.1200163,0.8240343934752917,1.0,p7,21,1.1200163,-0.0,False,not_significant
Cul3,0.22235905,2.2418244,0.8240343934752917,1.0,p7,21,2.2418244,-0.0,False,not_significant
Mdh2,0.22079313,0.8398813,0.8252535105565008,1.0,p7,21,0.8398813,-0.0,False,not_significant
Ephb2,0.21922722,1.9600862,0.8264730492103511,1.0,p7,21,1.9600862,-0.0,False,not_significant
Jam3,0.2160954,0.751855,0.82891337985037,1.0,p7,21,0.751855,-0.0,False,not_significant
Rras2,0.2160954,1.2042918,0.82891337985037,1.0,p7,21,1.2042918,-0.0,False,not_significant
Kcna2,0.2160954,0.09470468,0.82891337985037,1.0,p7,21,0.09470468,-0.0,False,not_significant
Itga6,0.2160954,0.24715258,0.82891337985037,1.0,p7,21,0.24715258,-0.0,False,not_significant
Crh,0.2160954,1.4265512,0.82891337985037,1.0,p7,21,1.4265512,-0.0,False,not_significant
C1qb,0.2160954,0.42434052,0.82891337985037,1.0,p7,21,0.42434052,-0.0,False,not_significant
Pde2a,0.2160954,0.42323542,0.82891337985037,1.0,p7,21,0.42323542,-0.0,False,not_significant
Elavl4,0.20983177,0.07397324,0.8337989745918271,1.0,p7,21,0.07397324,-0.0,False,not_significant
Fabp7,0.20669995,0.14637291,0.8362441929475366,1.0,p7,21,0.14637291,-0.0,False,not_significant
Cfl1,0.20513405,0.75116,0.8374673973416775,1.0,p7,21,0.75116,-0.0,False,not_significant
Deaf1,0.20356813,1.2046865,0.8386909947180308,1.0,p7,21,1.2046865,-0.0,False,not_significant
Gria1,0.20356813,0.096217506,0.8386909947180308,1.0,p7,21,0.096217506,-0.0,False,not_significant
Arhgef2,0.20043632,0.7895961,0.8411393569143367,1.0,p7,21,0.7895961,-0.0,False,not_significant
Nfia,0.1785136,0.11289292,0.8583196437925933,1.0,p7,21,0.11289292,-0.0,False,not_significant
Ccdc25,0.17694768,2.0134423,0.8595494797366185,1.0,p7,21,2.0134423,-0.0,False,not_significant
Bmerb1,0.17224996,0.6804855,0.8632410207643301,1.0,p7,21,0.6804855,-0.0,False,not_significant
Cdk6,0.16755223,0.6491004,0.8669355501282963,1.0,p7,21,0.6491004,-0.0,False,not_significant
Slc17a6,0.16598633,-0.022425707,0.8681677103112814,1.0,p7,21,0.022425707,-0.0,False,not_significant
Camk2g,0.16598633,0.08255203,0.8681677103112814,1.0,p7,21,0.08255203,-0.0,False,not_significant
Grm2,0.16285451,26.645355,0.8706329886494428,1.0,p7,21,26.645355,-0.0,False,not_significant
Stx18,0.16285451,27.048439,0.8706329886494428,1.0,p7,21,27.048439,-0.0,False,not_significant
Alpl,0.16285451,26.725853,0.8706329886494428,1.0,p7,21,26.725853,-0.0,False,not_significant
Nr4a3,0.16285451,25.747993,0.8706329886494428,1.0,p7,21,25.747993,-0.0,False,not_significant
Cask,0.16285451,26.224957,0.8706329886494428,1.0,p7,21,26.224957,-0.0,False,not_significant
Efna4,0.16285451,27.151281,0.8706329886494428,1.0,p7,21,27.151281,-0.0,False,not_significant
Wnt3,0.16285451,27.300877,0.8706329886494428,1.0,p7,21,27.300877,-0.0,False,not_significant
Lhx6,0.16285451,26.591522,0.8706329886494428,1.0,p7,21,26.591522,-0.0,False,not_significant
Hes1,0.16285451,27.209354,0.8706329886494428,1.0,p7,21,27.209354,-0.0,False,not_significant
Bad,0.16285451,26.401579,0.8706329886494428,1.0,p7,21,26.401579,-0.0,False,not_significant
Efna3,0.16285451,25.950006,0.8706329886494428,1.0,p7,21,25.950006,-0.0,False,not_significant
Sec22b,0.16285451,26.992336,0.8706329886494428,1.0,p7,21,26.992336,-0.0,False,not_significant
Chrna1,0.16285451,25.98131,0.8706329886494428,1.0,p7,21,25.98131,-0.0,False,not_significant
Lhfpl4,0.16285451,26.03626,0.8706329886494428,1.0,p7,21,26.03626,-0.0,False,not_significant
Slc1a1,0.16285451,24.97791,0.8706329886494428,1.0,p7,21,24.97791,-0.0,False,not_significant
Ppp3cc,0.16285451,26.613123,0.8706329886494428,1.0,p7,21,26.613123,-0.0,False,not_significant
Clic6,0.16285451,27.22704,0.8706329886494428,1.0,p7,21,27.22704,-0.0,False,not_significant
Trem2,0.16285451,28.037424,0.8706329886494428,1.0,p7,21,28.037424,-0.0,False,not_significant
Kcnc1,0.16285451,27.18338,0.8706329886494428,1.0,p7,21,27.18338,-0.0,False,not_significant
Disc1,0.16285451,26.191826,0.8706329886494428,1.0,p7,21,26.191826,-0.0,False,not_significant
Rims1,0.16285451,25.90538,0.8706329886494428,1.0,p7,21,25.90538,-0.0,False,not_significant
Slc17a7,0.16285451,25.225729,0.8706329886494428,1.0,p7,21,25.225729,-0.0,False,not_significant
Sema3d,0.16285451,26.273216,0.8706329886494428,1.0,p7,21,26.273216,-0.0,False,not_significant
Efnb1,0.16285451,27.971453,0.8706329886494428,1.0,p7,21,27.971453,-0.0,False,not_significant
Itpr2,0.16285451,25.076963,0.8706329886494428,1.0,p7,21,25.076963,-0.0,False,not_significant
Id3,0.16285451,27.060352,0.8706329886494428,1.0,p7,21,27.060352,-0.0,False,not_significant
Etv1,0.16285451,26.180454,0.8706329886494428,1.0,p7,21,26.180454,-0.0,False,not_significant
Map3k5,0.16285451,26.97127,0.8706329886494428,1.0,p7,21,26.97127,-0.0,False,not_significant
Tigit,0.16285451,28.118843,0.8706329886494428,1.0,p7,21,28.118843,-0.0,False,not_significant
Drd2,0.16285451,25.928736,0.8706329886494428,1.0,p7,21,25.928736,-0.0,False,not_significant
Chrna4,0.16285451,27.71689,0.8706329886494428,1.0,p7,21,27.71689,-0.0,False,not_significant
Pik3cd,0.16285451,25.770231,0.8706329886494428,1.0,p7,21,25.770231,-0.0,False,not_significant
Rasd1,0.16285451,28.083727,0.8706329886494428,1.0,p7,21,28.083727,-0.0,False,not_significant
Lockd,0.16285451,27.929346,0.8706329886494428,1.0,p7,21,27.929346,-0.0,False,not_significant
Crip2,0.16285451,26.456242,0.8706329886494428,1.0,p7,21,26.456242,-0.0,False,not_significant
Mapk3,0.16285451,25.430584,0.8706329886494428,1.0,p7,21,25.430584,-0.0,False,not_significant
Camk2d,0.16285451,26.369774,0.8706329886494428,1.0,p7,21,26.369774,-0.0,False,not_significant
Itgb2,0.16285451,26.939135,0.8706329886494428,1.0,p7,21,26.939135,-0.0,False,not_significant
Arx,0.16285451,26.817616,0.8706329886494428,1.0,p7,21,26.817616,-0.0,False,not_significant
Grm1,0.16285451,25.68711,0.8706329886494428,1.0,p7,21,25.68711,-0.0,False,not_significant
Cx3cl1,0.16285451,26.348192,0.8706329886494428,1.0,p7,21,26.348192,-0.0,False,not_significant
Lpar1,0.16285451,27.285963,0.8706329886494428,1.0,p7,21,27.285963,-0.0,False,not_significant
Evx1,0.16285451,28.337637,0.8706329886494428,1.0,p7,21,28.337637,-0.0,False,not_significant
Gng11,0.16285451,27.736574,0.8706329886494428,1.0,p7,21,27.736574,-0.0,False,not_significant
Fbxo28,0.15502496,-1.0191462,0.8768016353217158,1.0,p7,21,1.0191462,-0.0,False,not_significant
Cux2,0.15502496,-0.07642732,0.8768016353217158,1.0,p7,21,0.07642732,-0.0,False,not_significant
Ap2a1,0.15345906,0.2696539,0.8780362754980966,1.0,p7,21,0.2696539,-0.0,False,not_significant
Ddx3x,0.14719543,0.3030367,0.882977773849079,1.0,p7,21,0.3030367,-0.0,False,not_significant
Mapk8ip3,0.1440636,0.49807546,0.8854502441538232,1.0,p7,21,0.49807546,-0.0,False,not_significant
Htra1,0.13779996,0.13600555,0.8903985083410022,1.0,p7,21,0.13600555,-0.0,False,not_significant
Ptk2,0.13623406,0.32315668,0.8916362494595765,1.0,p7,21,0.32315668,-0.0,False,not_significant
Gnal,0.13466816,0.12396719,0.8928742546537094,1.0,p7,21,0.12396719,-0.0,False,not_significant
Ccdc80,0.1252727,0.84620297,0.9003076643940573,1.0,p7,21,0.84620297,-0.0,False,not_significant
Cdc37,0.11900906,1.9481956,0.905268174227757,1.0,p7,21,1.9481956,-0.0,False,not_significant
Igfbpl1,0.11900906,2.1133487,0.905268174227757,1.0,p7,21,2.1133487,-0.0,False,not_significant
Apaf1,0.11587725,0.949331,0.9077498282972023,1.0,p7,21,0.949331,-0.0,False,not_significant
Nlgn3,0.11587725,0.1522224,0.9077498282972023,1.0,p7,21,0.1522224,-0.0,False,not_significant
Pla2g4b,0.11587725,1.570278,0.9077498282972023,1.0,p7,21,1.570278,-0.0,False,not_significant
Emx1,0.11587725,1.5374677,0.9077498282972023,1.0,p7,21,1.5374677,-0.0,False,not_significant
Jun,0.11587725,0.3584018,0.9077498282972023,1.0,p7,21,0.3584018,-0.0,False,not_significant
Hspd1,0.11587725,0.18446654,0.9077498282972023,1.0,p7,21,0.18446654,-0.0,False,not_significant
Etv5,0.11587725,0.74488217,0.9077498282972023,1.0,p7,21,0.74488217,-0.0,False,not_significant
Homer3,0.11274543,0.5353124,0.9102323831374683,1.0,p7,21,0.5353124,-0.0,False,not_significant
Chl1,0.11274543,1.4831969,0.9102323831374683,1.0,p7,21,1.4831969,-0.0,False,not_significant
Pou3f2,0.11274543,0.9212546,0.9102323831374683,1.0,p7,21,0.9212546,-0.0,False,not_significant
Dixdc1,0.11274543,0.72746664,0.9102323831374683,1.0,p7,21,0.72746664,-0.0,False,not_significant
Gria3,0.10961361,0.55496407,0.9127158147172156,1.0,p7,21,0.55496407,-0.0,False,not_significant
Dcc,0.1064818,0.063296854,0.9152000989794166,1.0,p7,21,0.063296854,-0.0,False,not_significant
Ccdc141,0.1064818,-0.24603163,0.9152000989794166,1.0,p7,21,0.24603163,-0.0,False,not_significant
Plxna3,0.1064818,-0.32542223,0.9152000989794166,1.0,p7,21,0.32542223,-0.0,False,not_significant
Cntn1,0.103349976,-0.028378136,0.9176852118420538,1.0,p7,21,0.028378136,-0.0,False,not_significant
Shank1,0.090822704,0.025811171,0.9276334668212409,1.0,p7,21,0.025811171,-0.0,False,not_significant
Sall1,0.084559076,-0.4275742,0.9326119380621245,1.0,p7,21,0.4275742,-0.0,False,not_significant
Sox4,0.07829544,0.40833566,0.9375930468259726,1.0,p7,21,0.40833566,-0.0,False,not_significant
Socs7,0.073597714,0.2025464,0.9413304925052715,1.0,p7,21,0.2025464,-0.0,False,not_significant
Dab1,0.0720318,0.6016904,0.9425765989865947,1.0,p7,21,0.6016904,-0.0,False,not_significant
S100a6,0.0720318,0.46184197,0.9425765989865947,1.0,p7,21,0.46184197,-0.0,False,not_significant
Coro2b,0.06889998,-0.5858723,0.9450692305971655,1.0,p7,21,0.5858723,-0.0,False,not_significant
Gls,0.06889998,-0.3039314,0.9450692305971655,1.0,p7,21,0.3039314,-0.0,False,not_significant
Syn1,0.06889998,0.03477288,0.9450692305971655,1.0,p7,21,0.03477288,-0.0,False,not_significant
Psen2,0.06889998,1.4435383,0.9450692305971655,1.0,p7,21,1.4435383,-0.0,False,not_significant
Plxna2,0.06576817,0.2851569,0.947562400130809,1.0,p7,21,0.2851569,-0.0,False,not_significant
Dnm3,0.06420226,0.26839304,0.9488091790122689,1.0,p7,21,0.26839304,-0.0,False,not_significant
Sall3,0.06263635,0.6452505,0.9500560832447672,1.0,p7,21,0.6452505,-0.0,False,not_significant
Atp6v0e2,0.06263635,0.2188464,0.9500560832447672,1.0,p7,21,0.2188464,-0.0,False,not_significant
Rnf2,0.061070442,0.4050931,0.951303109783107,1.0,p7,21,0.4050931,-0.0,False,not_significant
Pak3,0.05950453,-0.20548669,0.9525502555811928,1.0,p7,21,0.20548669,-0.0,False,not_significant
Ptprj,0.05950453,-0.21315545,0.9525502555811928,1.0,p7,21,0.21315545,-0.0,False,not_significant
Slc38a2,0.05950453,0.2199378,0.9525502555811928,1.0,p7,21,0.2199378,-0.0,False,not_significant
Dll1,0.057938624,2.7253325,0.9537975175920528,1.0,p7,21,2.7253325,-0.0,False,not_significant
Snap23,0.057938624,1.0186329,0.9537975175920528,1.0,p7,21,1.0186329,-0.0,False,not_significant
Smim3,0.057938624,1.7159339,0.9537975175920528,1.0,p7,21,1.7159339,-0.0,False,not_significant
Itga9,0.057938624,3.0985396,0.9537975175920528,1.0,p7,21,3.0985396,-0.0,False,not_significant
Lhx2,0.057938624,3.0393214,0.9537975175920528,1.0,p7,21,3.0393214,-0.0,False,not_significant
Syt9,0.057938624,1.3659959,0.9537975175920528,1.0,p7,21,1.3659959,-0.0,False,not_significant
Slc12a5,0.057938624,0.95953506,0.9537975175920528,1.0,p7,21,0.95953506,-0.0,False,not_significant
Npy,0.057938624,1.5771028,0.9537975175920528,1.0,p7,21,1.5771028,-0.0,False,not_significant
Adcy3,0.057938624,0.66590714,0.9537975175920528,1.0,p7,21,0.66590714,-0.0,False,not_significant
C1ql3,0.057938624,1.0289037,0.9537975175920528,1.0,p7,21,1.0289037,-0.0,False,not_significant
Efna2,0.057938624,1.7265296,0.9537975175920528,1.0,p7,21,1.7265296,-0.0,False,not_significant
Gpr151,0.057938624,4.1395826,0.9537975175920528,1.0,p7,21,4.1395826,-0.0,False,not_significant
Tuba4a,0.057938624,0.7105405,0.9537975175920528,1.0,p7,21,0.7105405,-0.0,False,not_significant
Dab2ip,0.057938624,0.9647742,0.9537975175920528,1.0,p7,21,0.9647742,-0.0,False,not_significant
Gsn,0.057938624,0.87539923,0.9537975175920528,1.0,p7,21,0.87539923,-0.0,False,not_significant
Pard6a,0.057938624,0.68970156,0.9537975175920528,1.0,p7,21,0.68970156,-0.0,False,not_significant
Ephb4,0.057938624,1.2958162,0.9537975175920528,1.0,p7,21,1.2958162,-0.0,False,not_significant
Arfgef1,0.056372713,-0.026271014,0.9550448927678614,1.0,p7,21,0.026271014,-0.0,False,not_significant
Homer1,0.054806806,-1.230108,0.9562923780599618,1.0,p7,21,1.230108,-0.0,False,not_significant
Cntn6,0.054806806,0.15941104,0.9562923780599618,1.0,p7,21,0.15941104,-0.0,False,not_significant
Kras,0.054806806,-0.11025192,0.9562923780599618,1.0,p7,21,0.11025192,-0.0,False,not_significant
Fbxo2,0.054806806,0.03721551,0.9562923780599618,1.0,p7,21,0.03721551,-0.0,False,not_significant
Mdk,0.054806806,-0.5530159,0.9562923780599618,1.0,p7,21,0.5530159,-0.0,False,not_significant
Prickle2,0.054806806,0.6157095,0.9562923780599618,1.0,p7,21,0.6157095,-0.0,False,not_significant
Nectin3,0.054806806,0.59145796,0.9562923780599618,1.0,p7,21,0.59145796,-0.0,False,not_significant
Prkcg,0.054806806,0.57774156,0.9562923780599618,1.0,p7,21,0.57774156,-0.0,False,not_significant
Lmnb2,0.054806806,-0.5423873,0.9562923780599618,1.0,p7,21,0.5423873,-0.0,False,not_significant
Tmem119,0.054806806,0.18286996,0.9562923780599618,1.0,p7,21,0.18286996,-0.0,False,not_significant
Llgl1,0.054806806,0.1876114,0.9562923780599618,1.0,p7,21,0.1876114,-0.0,False,not_significant
Pld1,0.054806806,0.079415575,0.9562923780599618,1.0,p7,21,0.079415575,-0.0,False,not_significant
Slitrk2,0.054806806,0.36430818,0.9562923780599618,1.0,p7,21,0.36430818,-0.0,False,not_significant
Plcg2,0.054806806,0.19061483,0.9562923780599618,1.0,p7,21,0.19061483,-0.0,False,not_significant
Mboat7,0.054806806,-0.16818324,0.9562923780599618,1.0,p7,21,0.16818324,-0.0,False,not_significant
Plin2,0.054806806,0.2710621,0.9562923780599618,1.0,p7,21,0.2710621,-0.0,False,not_significant
Itpr1,0.054806806,-0.124299094,0.9562923780599618,1.0,p7,21,0.124299094,-0.0,False,not_significant
Pparg,0.054806806,0.3415308,0.9562923780599618,1.0,p7,21,0.3415308,-0.0,False,not_significant
Creb1,0.05010908,-0.5967539,0.9600354641354377,1.0,p7,21,0.5967539,-0.0,False,not_significant
Ddx5,0.05010908,0.21157476,0.9600354641354377,1.0,p7,21,0.21157476,-0.0,False,not_significant
March6,0.05010908,0.124182194,0.9600354641354377,1.0,p7,21,0.124182194,-0.0,False,not_significant
Grik1,0.04854317,-0.42080665,0.9612833593902853,1.0,p7,21,0.42080665,-0.0,False,not_significant
Mest,0.046977263,-0.44874159,0.9625313495064487,1.0,p7,21,0.44874159,-0.0,False,not_significant
Mpzl1,0.045411352,0.76527864,0.9637794314307514,1.0,p7,21,0.76527864,-0.0,False,not_significant
Gnb1,0.040713627,0.07366707,0.9675241975107409,1.0,p7,21,0.07366707,-0.0,False,not_significant
Sema6d,0.03444999,0.35071826,0.9725183189258688,1.0,p7,21,0.35071826,-0.0,False,not_significant
Prox1,0.021922722,0.11065534,0.9825095992390788,1.0,p7,21,0.11065534,-0.0,False,not_significant
Ptch1,0.021922722,0.14336213,0.9825095992390788,1.0,p7,21,0.14336213,-0.0,False,not_significant
Dock7,0.018790904,0.5303148,0.9850079093392603,1.0,p7,21,0.5303148,-0.0,False,not_significant
Gabrb3,0.015659088,0.9465763,0.98750636646841,1.0,p7,21,0.9465763,-0.0,False,not_significant
Cdh24,0.015659088,1.0878507,0.98750636646841,1.0,p7,21,1.0878507,-0.0,False,not_significant
Stx8,0.015659088,1.1382407,0.98750636646841,1.0,p7,21,1.1382407,-0.0,False,not_significant
Syt2,0.015659088,0.6777555,0.98750636646841,1.0,p7,21,0.6777555,-0.0,False,not_significant
Gabrb1,0.01252727,0.7503588,0.9900049461283094,1.0,p7,21,0.7503588,-0.0,False,not_significant
Trpc5,0.01252727,0.41954273,0.9900049461283094,1.0,p7,21,0.41954273,-0.0,False,not_significant
Fzd3,0.01252727,0.102886975,0.9900049461283094,1.0,p7,21,0.102886975,-0.0,False,not_significant
Dlg3,0.009395452,0.3294589,0.9925036238171353,1.0,p7,21,0.3294589,-0.0,False,not_significant
Ptprf,0.006263635,0.20462064,0.9950023750301802,1.0,p7,21,0.20462064,-0.0,False,not_significant
Acsl1,0.006263635,0.2493442,0.9950023750301802,1.0,p7,21,0.2493442,-0.0,False,not_significant
Pard6g,0.006263635,1.0341303,0.9950023750301802,1.0,p7,21,1.0341303,-0.0,False,not_significant
Ndrg4,0.006263635,0.08539225,0.9950023750301802,1.0,p7,21,0.08539225,-0.0,False,not_significant
Cd2,0.0,0.0,1.0,1.0,p7,21,0.0,-0.0,False,not_significant
Gng7,0.0,0.015471028,1.0,1.0,p7,21,0.015471028,-0.0,False,not_significant
Dnm2,0.0,0.0,1.0,1.0,p7,21,0.0,-0.0,False,not_significant
Ccnb1,0.0,0.0,1.0,1.0,p7,21,0.0,-0.0,False,not_significant
Hpcal1,0.0,0.0,1.0,1.0,p7,21,0.0,-0.0,False,not_significant
Pdlim4,0.0,0.0,1.0,1.0,p7,21,0.0,-0.0,False,not_significant
Gabrr1,0.0,0.0,1.0,1.0,p7,21,0.0,-0.0,False,not_significant
Alg13,0.0,0.0,1.0,1.0,p7,21,0.0,-0.0,False,not_significant
Ccdc153,0.0,0.0,1.0,1.0,p7,21,0.0,-0.0,False,not_significant
Pla2g4d,0.0,0.0,1.0,1.0,p7,21,0.0,-0.0,False,not_significant
Mdh1,0.0,0.0,1.0,1.0,p7,21,0.0,-0.0,False,not_significant
Epha1,0.0,0.0,1.0,1.0,p7,21,0.0,-0.0,False,not_significant
Cldn19,0.0,0.0,1.0,1.0,p7,21,0.0,-0.0,False,not_significant
Kcnj6,0.0,0.0,1.0,1.0,p7,21,0.0,-0.0,False,not_significant
Chat,0.0,0.0,1.0,1.0,p7,21,0.0,-0.0,False,not_significant
Rgs16,0.0,0.0,1.0,1.0,p7,21,0.0,-0.0,False,not_significant
Ocln,0.0,0.0,1.0,1.0,p7,21,0.0,-0.0,False,not_significant
Bmp5,0.0,0.0,1.0,1.0,p7,21,0.0,-0.0,False,not_significant
Synpr,0.0,0.0,1.0,1.0,p7,21,0.0,-0.0,False,not_significant
Sp9,0.0,0.0,1.0,1.0,p7,21,0.0,-0.0,False,not_significant
Cdh1,0.0,0.0,1.0,1.0,p7,21,0.0,-0.0,False,not_significant
Slitrk6,0.0,0.0,1.0,1.0,p7,21,0.0,-0.0,False,not_significant
Cdh3,0.0,0.0,1.0,1.0,p7,21,0.0,-0.0,False,not_significant
Sema3f,0.0,0.0,1.0,1.0,p7,21,0.0,-0.0,False,not_significant
P2rx4,0.0,0.0,1.0,1.0,p7,21,0.0,-0.0,False,not_significant
Gabrd,0.0,0.0,1.0,1.0,p7,21,0.0,-0.0,False,not_significant
Slit2,0.0,0.0,1.0,1.0,p7,21,0.0,-0.0,False,not_significant
Chrm2,0.0,0.0,1.0,1.0,p7,21,0.0,-0.0,False,not_significant
Epha2,0.0,0.0,1.0,1.0,p7,21,0.0,-0.0,False,not_significant
Icam1,0.0,0.0,1.0,1.0,p7,21,0.0,-0.0,False,not_significant
Pax3,0.0,0.0,1.0,1.0,p7,21,0.0,-0.0,False,not_significant
Gnb5,0.0,0.0,1.0,1.0,p7,21,0.0,-0.0,False,not_significant
Gdf7,0.0,0.0,1.0,1.0,p7,21,0.0,-0.0,False,not_significant
Sema3g,0.0,0.0,1.0,1.0,p7,21,0.0,-0.0,False,not_significant
Gng13,0.0,0.0,1.0,1.0,p7,21,0.0,-0.0,False,not_significant
Pou3f4,0.0,0.0,1.0,1.0,p7,21,0.0,-0.0,False,not_significant
Tuba3a,0.0,0.0,1.0,1.0,p7,21,0.0,-0.0,False,not_significant
Npy2r,0.0,0.0,1.0,1.0,p7,21,0.0,-0.0,False,not_significant
Tuba1b,0.0,0.0,1.0,1.0,p7,21,0.0,-0.0,False,not_significant
Cck,0.0,0.0,1.0,1.0,p7,21,0.0,-0.0,False,not_significant
Ascl2,0.0,0.0,1.0,1.0,p7,21,0.0,-0.0,False,not_significant
Efna5,0.0,0.0,1.0,1.0,p7,21,0.0,-0.0,False,not_significant
Neurog2,0.0,0.0,1.0,1.0,p7,21,0.0,-0.0,False,not_significant
Wnt3a,0.0,0.0,1.0,1.0,p7,21,0.0,-0.0,False,not_significant
Icam2,0.0,0.0,1.0,1.0,p7,21,0.0,-0.0,False,not_significant
Itgav,0.0,0.0,1.0,1.0,p7,21,0.0,-0.0,False,not_significant
Ccdc88c,0.0,0.0,1.0,1.0,p7,21,0.0,-0.0,False,not_significant
Pla2g4c,0.0,0.0,1.0,1.0,p7,21,0.0,-0.0,False,not_significant
Itpr3,0.0,0.0,1.0,1.0,p7,21,0.0,-0.0,False,not_significant
Cacnb2,0.0,0.0,1.0,1.0,p7,21,0.0,-0.0,False,not_significant
Hoxa9,0.0,0.0,1.0,1.0,p7,21,0.0,-0.0,False,not_significant
Rhod,0.0,0.0,1.0,1.0,p7,21,0.0,-0.0,False,not_significant
Cldn10,0.0,0.0,1.0,1.0,p7,21,0.0,-0.0,False,not_significant
C1qc,0.0,0.0,1.0,1.0,p7,21,0.0,-0.0,False,not_significant
Vsir,0.0,0.0,1.0,1.0,p7,21,0.0,-0.0,False,not_significant
Raf1,0.0,0.0,1.0,1.0,p7,21,0.0,-0.0,False,not_significant
Grin3b,0.0,0.0,1.0,1.0,p7,21,0.0,-0.0,False,not_significant
Cplx3,0.0,0.0,1.0,1.0,p7,21,0.0,-0.0,False,not_significant
Fadd,0.0,0.0,1.0,1.0,p7,21,0.0,-0.0,False,not_significant
Cdk19,0.0,0.0,1.0,1.0,p7,21,0.0,-0.0,False,not_significant
Rras,0.0,0.0,1.0,1.0,p7,21,0.0,-0.0,False,not_significant
F11r,0.0,0.0,1.0,1.0,p7,21,0.0,-0.0,False,not_significant
Rac2,0.0,0.0,1.0,1.0,p7,21,0.0,-0.0,False,not_significant
Gpr183,0.0,0.0,1.0,1.0,p7,21,0.0,-0.0,False,not_significant
Camk4,0.0,0.0,1.0,1.0,p7,21,0.0,-0.0,False,not_significant
Sdc4,0.0,0.0,1.0,1.0,p7,21,0.0,-0.0,False,not_significant
Ntn4,0.0,0.0,1.0,1.0,p7,21,0.0,-0.0,False,not_significant
Arv1,0.0,0.0,1.0,1.0,p7,21,0.0,-0.0,False,not_significant
Acta2,0.0,0.0,1.0,1.0,p7,21,0.0,-0.0,False,not_significant
Cd6,0.0,0.0,1.0,1.0,p7,21,0.0,-0.0,False,not_significant
Sv2a,0.0,0.0,1.0,1.0,p7,21,0.0,-0.0,False,not_significant
Pik3cb,0.0,0.0,1.0,1.0,p7,21,0.0,-0.0,False,not_significant
Ssh2,0.0,0.0,1.0,1.0,p7,21,0.0,-0.0,False,not_significant
Atp6v0a2,0.0,0.0,1.0,1.0,p7,21,0.0,-0.0,False,not_significant
Cldn18,0.0,0.0,1.0,1.0,p7,21,0.0,-0.0,False,not_significant
Kcnt1,0.0,0.0,1.0,1.0,p7,21,0.0,-0.0,False,not_significant
Pak7,0.0,0.0,1.0,1.0,p7,21,0.0,-0.0,False,not_significant
Stap1,0.0,0.0,1.0,1.0,p7,21,0.0,-0.0,False,not_significant
Cldn8,0.0,0.0,1.0,1.0,p7,21,0.0,-0.0,False,not_significant
Trpc6,0.0,0.0,1.0,1.0,p7,21,0.0,-0.0,False,not_significant
Rock1,0.0,0.0,1.0,1.0,p7,21,0.0,-0.0,False,not_significant
Tuba1c,0.0,0.0,1.0,1.0,p7,21,0.0,-0.0,False,not_significant
Hmgb2,0.0,0.0,1.0,1.0,p7,21,0.0,-0.0,False,not_significant
Sema5a,0.0,0.0,1.0,1.0,p7,21,0.0,-0.0,False,not_significant
Kcnj3,0.0,0.0,1.0,1.0,p7,21,0.0,-0.0,False,not_significant
Cd8a,0.0,0.0,1.0,1.0,p7,21,0.0,-0.0,False,not_significant
Satb2,0.0,0.0,1.0,1.0,p7,21,0.0,-0.0,False,not_significant
Cd8b1,0.0,0.0,1.0,1.0,p7,21,0.0,-0.0,False,not_significant
Slc6a13,0.0,0.0,1.0,1.0,p7,21,0.0,-0.0,False,not_significant
Lnpk,0.0,0.0,1.0,1.0,p7,21,0.0,-0.0,False,not_significant
Gpr17,0.0,0.0,1.0,1.0,p7,21,0.0,-0.0,False,not_significant
Fxyd1,0.0,0.0,1.0,1.0,p7,21,0.0,-0.0,False,not_significant
Pvalb,0.0,0.0,1.0,1.0,p7,21,0.0,-0.0,False,not_significant
Ptgs1,0.0,0.0,1.0,1.0,p7,21,0.0,-0.0,False,not_significant
Kcng4,0.0,0.0,1.0,1.0,p7,21,0.0,-0.0,False,not_significant
Gngt1,0.0,0.0,1.0,1.0,p7,21,0.0,-0.0,False,not_significant
Gng8,0.0,0.0,1.0,1.0,p7,21,0.0,-0.0,False,not_significant
Slitrk3,0.0,0.0,1.0,1.0,p7,21,0.0,-0.0,False,not_significant
Cacna1c,0.0,-0.43088612,1.0,1.0,p7,21,0.43088612,-0.0,False,not_significant
Lamp5,0.0,0.0,1.0,1.0,p7,21,0.0,-0.0,False,not_significant
Rnf7,0.0,0.0,1.0,1.0,p7,21,0.0,-0.0,False,not_significant
Slc6a12,0.0,0.0,1.0,1.0,p7,21,0.0,-0.0,False,not_significant
Mag,0.0,0.0,1.0,1.0,p7,21,0.0,-0.0,False,not_significant
Ccr2,0.0,0.0,1.0,1.0,p7,21,0.0,-0.0,False,not_significant
Stx19,0.0,0.0,1.0,1.0,p7,21,0.0,-0.0,False,not_significant
Fn1,0.0,0.0,1.0,1.0,p7,21,0.0,-0.0,False,not_significant
Cldn2,0.0,0.0,1.0,1.0,p7,21,0.0,-0.0,False,not_significant
Vtcn1,0.0,0.0,1.0,1.0,p7,21,0.0,-0.0,False,not_significant
Gzmb,0.0,0.0,1.0,1.0,p7,21,0.0,-0.0,False,not_significant
Dlx5,0.0,0.0,1.0,1.0,p7,21,0.0,-0.0,False,not_significant
Vamp1,0.0,0.0,1.0,1.0,p7,21,0.0,-0.0,False,not_significant
Rbp1,0.0,0.0,1.0,1.0,p7,21,0.0,-0.0,False,not_significant
Adcy4,0.0,0.0,1.0,1.0,p7,21,0.0,-0.0,False,not_significant
En1,0.0,0.0,1.0,1.0,p7,21,0.0,-0.0,False,not_significant
Gata2,0.0,0.0,1.0,1.0,p7,21,0.0,-0.0,False,not_significant
Cd80,0.0,0.0,1.0,1.0,p7,21,0.0,-0.0,False,not_significant
Cldn6,0.0,0.0,1.0,1.0,p7,21,0.0,-0.0,False,not_significant
Sema3b,0.0,0.0,1.0,1.0,p7,21,0.0,-0.0,False,not_significant
Lmna,0.0,0.0,1.0,1.0,p7,21,0.0,-0.0,False,not_significant
Rasgrp1,0.0,0.0,1.0,1.0,p7,21,0.0,-0.0,False,not_significant
Grin2c,0.0,0.0,1.0,1.0,p7,21,0.0,-0.0,False,not_significant
Tnf,0.0,0.0,1.0,1.0,p7,21,0.0,-0.0,False,not_significant
Cldn15,0.0,0.0,1.0,1.0,p7,21,0.0,-0.0,False,not_significant
Insc,0.0,0.0,1.0,1.0,p7,21,0.0,-0.0,False,not_significant
Rara,0.0,0.0,1.0,1.0,p7,21,0.0,-0.0,False,not_significant
Gmnn,0.0,0.0,1.0,1.0,p7,21,0.0,-0.0,False,not_significant
Icos,0.0,0.0,1.0,1.0,p7,21,0.0,-0.0,False,not_significant
Cldn1,0.0,0.0,1.0,1.0,p7,21,0.0,-0.0,False,not_significant
Alcam,0.0,0.0,1.0,1.0,p7,21,0.0,-0.0,False,not_significant
Hmgn2,0.0,0.0,1.0,1.0,p7,21,0.0,-0.0,False,not_significant
Sst,0.0,0.0,1.0,1.0,p7,21,0.0,-0.0,False,not_significant
Kcnk4,0.0,0.0,1.0,1.0,p7,21,0.0,-0.0,False,not_significant
Slc6a2,0.0,0.0,1.0,1.0,p7,21,0.0,-0.0,False,not_significant
Nr4a1,0.0,0.0,1.0,1.0,p7,21,0.0,-0.0,False,not_significant
Fas,0.0,0.0,1.0,1.0,p7,21,0.0,-0.0,False,not_significant
Sncg,0.0,0.0,1.0,1.0,p7,21,0.0,-0.0,False,not_significant
Wdr62,0.0,0.0,1.0,1.0,p7,21,0.0,-0.0,False,not_significant
Efemp1,0.0,0.0,1.0,1.0,p7,21,0.0,-0.0,False,not_significant
Gabrr2,0.0,0.0,1.0,1.0,p7,21,0.0,-0.0,False,not_significant
Cd4,0.0,0.0,1.0,1.0,p7,21,0.0,-0.0,False,not_significant
Oprm1,0.0,0.0,1.0,1.0,p7,21,0.0,-0.0,False,not_significant
Itgb7,0.0,0.0,1.0,1.0,p7,21,0.0,-0.0,False,not_significant
Ntn3,0.0,0.0,1.0,1.0,p7,21,0.0,-0.0,False,not_significant
Cstb,0.0,0.0,1.0,1.0,p7,21,0.0,-0.0,False,not_significant
Cd22,0.0,0.0,1.0,1.0,p7,21,0.0,-0.0,False,not_significant
Ngfr,0.0,0.0,1.0,1.0,p7,21,0.0,-0.0,False,not_significant
Stx11,0.0,0.0,1.0,1.0,p7,21,0.0,-0.0,False,not_significant
Mog,0.0,0.0,1.0,1.0,p7,21,0.0,-0.0,False,not_significant
Gng5,0.0,0.0,1.0,1.0,p7,21,0.0,-0.0,False,not_significant
Itgal,0.0,0.0,1.0,1.0,p7,21,0.0,-0.0,False,not_significant
Itgb2l,0.0,0.0,1.0,1.0,p7,21,0.0,-0.0,False,not_significant
Ntng1,0.0,0.0,1.0,1.0,p7,21,0.0,-0.0,False,not_significant
Cldn16,0.0,0.0,1.0,1.0,p7,21,0.0,-0.0,False,not_significant
Fos,0.0,0.0,1.0,1.0,p7,21,0.0,-0.0,False,not_significant
Robo3,0.0,0.0,1.0,1.0,p7,21,0.0,-0.0,False,not_significant
Cycs,0.0,0.0,1.0,1.0,p7,21,0.0,-0.0,False,not_significant
Cd70,0.0,0.0,1.0,1.0,p7,21,0.0,-0.0,False,not_significant
Plxnb3,0.0,0.0,1.0,1.0,p7,21,0.0,-0.0,False,not_significant
Igsf1,0.0,0.0,1.0,1.0,p7,21,0.0,-0.0,False,not_significant
Best1,0.0,0.0,1.0,1.0,p7,21,0.0,-0.0,False,not_significant
Vsx2,0.0,0.0,1.0,1.0,p7,21,0.0,-0.0,False,not_significant
Pomc,0.0,0.0,1.0,1.0,p7,21,0.0,-0.0,False,not_significant
Il33,0.0,0.0,1.0,1.0,p7,21,0.0,-0.0,False,not_significant
Shh,0.0,0.0,1.0,1.0,p7,21,0.0,-0.0,False,not_significant
Bmp4,0.0,0.0,1.0,1.0,p7,21,0.0,-0.0,False,not_significant
Prlr,0.0,0.0,1.0,1.0,p7,21,0.0,-0.0,False,not_significant
Gal,0.0,0.0,1.0,1.0,p7,21,0.0,-0.0,False,not_significant
Chrna2,0.0,0.0,1.0,1.0,p7,21,0.0,-0.0,False,not_significant
Glycam1,0.0,0.0,1.0,1.0,p7,21,0.0,-0.0,False,not_significant
Sdc1,0.0,0.0,1.0,1.0,p7,21,0.0,-0.0,False,not_significant
Cd28,0.0,0.0,1.0,1.0,p7,21,0.0,-0.0,False,not_significant
Cacna1f,0.0,0.0,1.0,1.0,p7,21,0.0,-0.0,False,not_significant
Gnai1,-0.006263635,-0.5303741,0.9950023750301802,1.0,p7,21,0.5303741,-0.0,False,not_significant
Dlg1,-0.015659088,0.3388275,0.98750636646841,1.0,p7,21,0.3388275,-0.0,False,not_significant
Stx2,-0.018790904,-0.7067347,0.9850079093392603,1.0,p7,21,0.7067347,-0.0,False,not_significant
Unc13a,-0.018790904,-0.2743651,0.9850079093392603,1.0,p7,21,0.2743651,-0.0,False,not_significant
Xrcc6,-0.032884084,0.78793764,0.9737670253246559,1.0,p7,21,0.78793764,-0.0,False,not_significant
Wdr47,-0.03444999,0.7847702,0.9725183189258688,1.0,p7,21,0.7847702,-0.0,False,not_significant
Eef1a2,-0.03758181,0.16956145,0.9700211112671895,1.0,p7,21,0.16956145,-0.0,False,not_significant
Rasa1,-0.03914772,0.5668861,0.9687726161226742,1.0,p7,21,0.5668861,-0.0,False,not_significant
Ttc28,-0.045411352,-0.32364222,0.9637794314307514,1.0,p7,21,0.32364222,-0.0,False,not_significant
Unc13c,-0.045411352,-0.30528605,0.9637794314307514,1.0,p7,21,0.30528605,-0.0,False,not_significant
Bcl11b,-0.046977263,0.6325402,0.9625313495064487,1.0,p7,21,0.6325402,-0.0,False,not_significant
Tiam1,-0.046977263,0.338906,0.9625313495064487,1.0,p7,21,0.338906,-0.0,False,not_significant
Atp6v0e,-0.046977263,0.75072134,0.9625313495064487,1.0,p7,21,0.75072134,-0.0,False,not_significant
C1ql1,-0.046977263,0.2409771,0.9625313495064487,1.0,p7,21,0.2409771,-0.0,False,not_significant
Hpgds,-0.046977263,-0.30491653,0.9625313495064487,1.0,p7,21,0.30491653,-0.0,False,not_significant
Pdgfrb,-0.046977263,0.39647415,0.9625313495064487,1.0,p7,21,0.39647415,-0.0,False,not_significant
Gng12,-0.046977263,0.68442786,0.9625313495064487,1.0,p7,21,0.68442786,-0.0,False,not_significant
Ptprc,-0.046977263,0.078809574,0.9625313495064487,1.0,p7,21,0.078809574,-0.0,False,not_significant
Smarce1,-0.046977263,-0.08216843,0.9625313495064487,1.0,p7,21,0.08216843,-0.0,False,not_significant
Sema4d,-0.046977263,1.8398029,0.9625313495064487,1.0,p7,21,1.8398029,-0.0,False,not_significant
Cdh20,-0.046977263,0.34995168,0.9625313495064487,1.0,p7,21,0.34995168,-0.0,False,not_significant
Ntng2,-0.04854317,0.24292004,0.9612833593902853,1.0,p7,21,0.24292004,-0.0,False,not_significant
Rhob,-0.04854317,-0.2788795,0.9612833593902853,1.0,p7,21,0.2788795,-0.0,False,not_significant
Atp6v1a,-0.05010908,-0.72981346,0.9600354641354377,1.0,p7,21,0.72981346,-0.0,False,not_significant
Sox10,-0.05010908,-0.53795934,0.9600354641354377,1.0,p7,21,0.53795934,-0.0,False,not_significant
Kctd7,-0.05010908,-0.5026376,0.9600354641354377,1.0,p7,21,0.5026376,-0.0,False,not_significant
Slit3,-0.05010908,0.03149942,0.9600354641354377,1.0,p7,21,0.03149942,-0.0,False,not_significant
Lrig2,-0.05010908,-0.67560905,0.9600354641354377,1.0,p7,21,0.67560905,-0.0,False,not_significant
Wnt5b,-0.05010908,-0.32712567,0.9600354641354377,1.0,p7,21,0.32712567,-0.0,False,not_significant
Cdkl5,-0.05010908,-0.52624357,0.9600354641354377,1.0,p7,21,0.52624357,-0.0,False,not_significant
Tac2,-0.05010908,-0.3359742,0.9600354641354377,1.0,p7,21,0.3359742,-0.0,False,not_significant
Pnoc,-0.05010908,-0.48600894,0.9600354641354377,1.0,p7,21,0.48600894,-0.0,False,not_significant
Mdm2,-0.0532409,-1.0631937,0.9575399704188874,1.0,p7,21,1.0631937,-0.0,False,not_significant
Syt6,-0.0532409,-0.66421074,0.9575399704188874,1.0,p7,21,0.66421074,-0.0,False,not_significant
Slc17a8,-0.0532409,-1.5954057,0.9575399704188874,1.0,p7,21,1.5954057,-0.0,False,not_significant
Skp2,-0.0532409,-1.758819,0.9575399704188874,1.0,p7,21,1.758819,-0.0,False,not_significant
Sdc2,-0.0532409,-1.3866384,0.9575399704188874,1.0,p7,21,1.3866384,-0.0,False,not_significant
Dhx16,-0.0532409,-0.7308325,0.9575399704188874,1.0,p7,21,0.7308325,-0.0,False,not_significant
Trpc1,-0.0532409,-1.1843116,0.9575399704188874,1.0,p7,21,1.1843116,-0.0,False,not_significant
Tgfb2,-0.0532409,-0.8572906,0.9575399704188874,1.0,p7,21,0.8572906,-0.0,False,not_significant
Fgf13,-0.0532409,-1.0169343,0.9575399704188874,1.0,p7,21,1.0169343,-0.0,False,not_significant
Bhlhe22,-0.054806806,-0.60878855,0.9562923780599618,1.0,p7,21,0.60878855,-0.0,False,not_significant
Ccnd2,-0.056372713,0.025937855,0.9550448927678614,1.0,p7,21,0.025937855,-0.0,False,not_significant
Dcx,-0.057938624,-0.73873705,0.9537975175920528,1.0,p7,21,0.73873705,-0.0,False,not_significant
Set,-0.05950453,-0.20051424,0.9525502555811928,1.0,p7,21,0.20051424,-0.0,False,not_significant
Gfap,-0.06576817,0.07340589,0.947562400130809,1.0,p7,21,0.07340589,-0.0,False,not_significant
Tubb3,-0.06889998,-0.03002512,0.9450692305971655,1.0,p7,21,0.03002512,-0.0,False,not_significant
Elavl2,-0.06889998,0.4695819,0.9450692305971655,1.0,p7,21,0.4695819,-0.0,False,not_significant
Myt1l,-0.06889998,-0.6110176,0.9450692305971655,1.0,p7,21,0.6110176,-0.0,False,not_significant
Clstn2,-0.07516362,0.071841046,0.9400845296260507,1.0,p7,21,0.071841046,-0.0,False,not_significant
Neo1,-0.081427254,0.098209195,0.9351021748795723,1.0,p7,21,0.098209195,-0.0,False,not_significant
Cep44,-0.08769089,0.9752981,0.9301223606302569,1.0,p7,21,0.9752981,-0.0,False,not_significant
Egfr,-0.08769089,0.5776827,0.9301223606302569,1.0,p7,21,0.5776827,-0.0,False,not_significant
Btg1,-0.090822704,0.17979997,0.9276334668212409,1.0,p7,21,0.17979997,-0.0,False,not_significant
Cdk5r1,-0.090822704,0.55197924,0.9276334668212409,1.0,p7,21,0.55197924,-0.0,False,not_significant
Srsf11,-0.090822704,-0.14740786,0.9276334668212409,1.0,p7,21,0.14740786,-0.0,False,not_significant
Cers2,-0.090822704,0.8248581,0.9276334668212409,1.0,p7,21,0.8248581,-0.0,False,not_significant
Slitrk1,-0.093954526,0.20099379,0.9251452808522844,1.0,p7,21,0.20099379,-0.0,False,not_significant
Rgs3,-0.09708634,-0.016369341,0.9226578269198242,1.0,p7,21,0.016369341,-0.0,False,not_significant
Sox2,-0.103349976,0.14251117,0.9176852118420538,1.0,p7,21,0.14251117,-0.0,False,not_significant
C1qa,-0.103349976,-0.6013941,0.9176852118420538,1.0,p7,21,0.6013941,-0.0,False,not_significant
Il1r1,-0.1064818,-26.138523,0.9152000989794166,1.0,p7,21,26.138523,-0.0,False,not_significant
Cntn4,-0.1064818,-25.281057,0.9152000989794166,1.0,p7,21,25.281057,-0.0,False,not_significant
Slc18a3,-0.1064818,-25.522476,0.9152000989794166,1.0,p7,21,25.522476,-0.0,False,not_significant
Pax2,-0.1064818,-25.415428,0.9152000989794166,1.0,p7,21,25.415428,-0.0,False,not_significant
Mfng,-0.1064818,-0.8741919,0.9152000989794166,1.0,p7,21,0.8741919,-0.0,False,not_significant
Sp8,-0.1064818,-25.773508,0.9152000989794166,1.0,p7,21,25.773508,-0.0,False,not_significant
Slit1,-0.1064818,-25.759035,0.9152000989794166,1.0,p7,21,25.759035,-0.0,False,not_significant
Gabre,-0.1064818,-26.465357,0.9152000989794166,1.0,p7,21,26.465357,-0.0,False,not_significant
Agt,-0.1064818,-25.144938,0.9152000989794166,1.0,p7,21,25.144938,-0.0,False,not_significant
Itgam,-0.1064818,-25.854033,0.9152000989794166,1.0,p7,21,25.854033,-0.0,False,not_significant
Plp1,-0.1064818,-24.299261,0.9152000989794166,1.0,p7,21,24.299261,-0.0,False,not_significant
Rspo3,-0.1064818,-26.6395,0.9152000989794166,1.0,p7,21,26.6395,-0.0,False,not_significant
Trpc4,-0.1064818,-24.138384,0.9152000989794166,1.0,p7,21,24.138384,-0.0,False,not_significant
Nfatc4,-0.1064818,-26.515734,0.9152000989794166,1.0,p7,21,26.515734,-0.0,False,not_significant
Gabra3,-0.1064818,-25.315668,0.9152000989794166,1.0,p7,21,25.315668,-0.0,False,not_significant
Cldn14,-0.1064818,-25.003538,0.9152000989794166,1.0,p7,21,25.003538,-0.0,False,not_significant
Madcam1,-0.1064818,-26.879974,0.9152000989794166,1.0,p7,21,26.879974,-0.0,False,not_significant
Gli3,-0.1064818,-25.080656,0.9152000989794166,1.0,p7,21,25.080656,-0.0,False,not_significant
Grin2d,-0.1064818,-26.06285,0.9152000989794166,1.0,p7,21,26.06285,-0.0,False,not_significant
Foxd3,-0.1064818,-25.87344,0.9152000989794166,1.0,p7,21,25.87344,-0.0,False,not_significant
Bcl2l11,-0.1064818,-25.974947,0.9152000989794166,1.0,p7,21,25.974947,-0.0,False,not_significant
Pard6b,-0.1064818,-26.206482,0.9152000989794166,1.0,p7,21,26.206482,-0.0,False,not_significant
Cdh9,-0.1064818,-27.061518,0.9152000989794166,1.0,p7,21,27.061518,-0.0,False,not_significant
Mthfs,-0.1064818,-26.639977,0.9152000989794166,1.0,p7,21,26.639977,-0.0,False,not_significant
Calb1,-0.1064818,-27.968067,0.9152000989794166,1.0,p7,21,27.968067,-0.0,False,not_significant
Ptprd,-0.1064818,-26.964243,0.9152000989794166,1.0,p7,21,26.964243,-0.0,False,not_significant
Vamp4,-0.1064818,-26.587412,0.9152000989794166,1.0,p7,21,26.587412,-0.0,False,not_significant
Atp6v1b1,-0.1064818,-27.954027,0.9152000989794166,1.0,p7,21,27.954027,-0.0,False,not_significant
Slc38a3,-0.1064818,-0.721194,0.9152000989794166,1.0,p7,21,0.721194,-0.0,False,not_significant
Igfbp2,-0.1064818,-25.256481,0.9152000989794166,1.0,p7,21,25.256481,-0.0,False,not_significant
Foxj1,-0.1064818,-25.154768,0.9152000989794166,1.0,p7,21,25.154768,-0.0,False,not_significant
Bax,-0.1064818,-26.419832,0.9152000989794166,1.0,p7,21,26.419832,-0.0,False,not_significant
Nkx2-1,-0.1064818,-26.508665,0.9152000989794166,1.0,p7,21,26.508665,-0.0,False,not_significant
Prom1,-0.1064818,-25.628157,0.9152000989794166,1.0,p7,21,25.628157,-0.0,False,not_significant
Epha8,-0.1064818,-26.122557,0.9152000989794166,1.0,p7,21,26.122557,-0.0,False,not_significant
Kl,-0.1064818,-27.820807,0.9152000989794166,1.0,p7,21,27.820807,-0.0,False,not_significant
Cldn3,-0.1064818,-25.426147,0.9152000989794166,1.0,p7,21,25.426147,-0.0,False,not_significant
Six3,-0.1064818,-24.819681,0.9152000989794166,1.0,p7,21,24.819681,-0.0,False,not_significant
Grm4,-0.1064818,-25.681065,0.9152000989794166,1.0,p7,21,25.681065,-0.0,False,not_significant
Dlx2,-0.1064818,-25.509521,0.9152000989794166,1.0,p7,21,25.509521,-0.0,False,not_significant
Pla2g4a,-0.1064818,-25.410246,0.9152000989794166,1.0,p7,21,25.410246,-0.0,False,not_significant
Cacnb1,-0.1064818,-26.14972,0.9152000989794166,1.0,p7,21,26.14972,-0.0,False,not_significant
Celf2,-0.1064818,-24.631838,0.9152000989794166,1.0,p7,21,24.631838,-0.0,False,not_significant
Gngt2,-0.1064818,-26.331327,0.9152000989794166,1.0,p7,21,26.331327,-0.0,False,not_significant
Vip,-0.1064818,-27.138597,0.9152000989794166,1.0,p7,21,27.138597,-0.0,False,not_significant
Gjb6,-0.1064818,-25.272388,0.9152000989794166,1.0,p7,21,25.272388,-0.0,False,not_significant
Casp9,-0.1064818,-26.484081,0.9152000989794166,1.0,p7,21,26.484081,-0.0,False,not_significant
Cacng5,-0.1064818,-0.7135736,0.9152000989794166,1.0,p7,21,0.7135736,-0.0,False,not_significant
Sema3a,-0.1064818,-26.240463,0.9152000989794166,1.0,p7,21,26.240463,-0.0,False,not_significant
Ndel1,-0.1064818,-26.500866,0.9152000989794166,1.0,p7,21,26.500866,-0.0,False,not_significant
Cdk1,-0.1064818,-25.48992,0.9152000989794166,1.0,p7,21,25.48992,-0.0,False,not_significant
Kcnt2,-0.1064818,-28.186234,0.9152000989794166,1.0,p7,21,28.186234,-0.0,False,not_significant
Gnat3,-0.1064818,-26.331415,0.9152000989794166,1.0,p7,21,26.331415,-0.0,False,not_significant
Vldlr,-0.1064818,-26.27608,0.9152000989794166,1.0,p7,21,26.27608,-0.0,False,not_significant
Cd40,-0.1064818,-25.726141,0.9152000989794166,1.0,p7,21,25.726141,-0.0,False,not_significant
Sema6b,-0.1064818,-25.994501,0.9152000989794166,1.0,p7,21,25.994501,-0.0,False,not_significant
Sema3e,-0.1064818,-24.89849,0.9152000989794166,1.0,p7,21,24.89849,-0.0,False,not_significant
Pard3,-0.1064818,-25.938334,0.9152000989794166,1.0,p7,21,25.938334,-0.0,False,not_significant
Etv4,-0.1064818,-25.438768,0.9152000989794166,1.0,p7,21,25.438768,-0.0,False,not_significant
Ephb3,-0.1064818,-27.67203,0.9152000989794166,1.0,p7,21,27.67203,-0.0,False,not_significant
Insm1,-0.1064818,-26.831108,0.9152000989794166,1.0,p7,21,26.831108,-0.0,False,not_significant
Nfatc2,-0.1064818,-25.939035,0.9152000989794166,1.0,p7,21,25.939035,-0.0,False,not_significant
Plxnc1,-0.1064818,-25.923723,0.9152000989794166,1.0,p7,21,25.923723,-0.0,False,not_significant
Drd1,-0.1064818,-24.94385,0.9152000989794166,1.0,p7,21,24.94385,-0.0,False,not_significant
Epha6,-0.1064818,-24.837696,0.9152000989794166,1.0,p7,21,24.837696,-0.0,False,not_significant
Cldn7,-0.1064818,-26.765818,0.9152000989794166,1.0,p7,21,26.765818,-0.0,False,not_significant
Bmpr1b,-0.1064818,-25.990133,0.9152000989794166,1.0,p7,21,25.990133,-0.0,False,not_significant
Slc1a7,-0.1064818,-26.936008,0.9152000989794166,1.0,p7,21,26.936008,-0.0,False,not_significant
Trp53,-0.1064818,-25.345734,0.9152000989794166,1.0,p7,21,25.345734,-0.0,False,not_significant
Mecom,-0.1064818,-26.43442,0.9152000989794166,1.0,p7,21,26.43442,-0.0,False,not_significant
Dlx1,-0.1064818,-26.045416,0.9152000989794166,1.0,p7,21,26.045416,-0.0,False,not_significant
Gnb4,-0.1064818,-24.7043,0.9152000989794166,1.0,p7,21,24.7043,-0.0,False,not_significant
Spi1,-0.1064818,-26.898064,0.9152000989794166,1.0,p7,21,26.898064,-0.0,False,not_significant
Gabrg1,-0.1064818,-27.691769,0.9152000989794166,1.0,p7,21,27.691769,-0.0,False,not_significant
Mbp,-0.1064818,-24.149689,0.9152000989794166,1.0,p7,21,24.149689,-0.0,False,not_significant
Cdh15,-0.1064818,-27.163387,0.9152000989794166,1.0,p7,21,27.163387,-0.0,False,not_significant
Bcl2,-0.1064818,-24.763145,0.9152000989794166,1.0,p7,21,24.763145,-0.0,False,not_significant
Csf1r,-0.1064818,-25.117418,0.9152000989794166,1.0,p7,21,25.117418,-0.0,False,not_significant
Aif1,-0.1064818,-26.899103,0.9152000989794166,1.0,p7,21,26.899103,-0.0,False,not_significant
Pten,-0.10961361,-0.29539114,0.9127158147172156,1.0,p7,21,0.29539114,-0.0,False,not_significant
Aldoc,-0.10961361,-0.7520847,0.9127158147172156,1.0,p7,21,0.7520847,-0.0,False,not_significant
Aldh1l1,-0.11587725,-0.5491762,0.9077498282972023,1.0,p7,21,0.5491762,-0.0,False,not_significant
Camk2b,-0.122140884,0.2641771,0.9027874449340851,1.0,p7,21,0.2641771,-0.0,False,not_significant
Nrp1,-0.1252727,0.2271488,0.9003076643940573,1.0,p7,21,0.2271488,-0.0,False,not_significant
Glg1,-0.13466816,-0.17764904,0.8928742546537094,1.0,p7,21,0.17764904,-0.0,False,not_significant
Dio2,-0.13466816,0.06503528,0.8928742546537094,1.0,p7,21,0.06503528,-0.0,False,not_significant
Klhl24,-0.13623406,0.17128035,0.8916362494595765,1.0,p7,21,0.17128035,-0.0,False,not_significant
Fbxw11,-0.13779996,-0.1986619,0.8903985083410022,1.0,p7,21,0.1986619,-0.0,False,not_significant
Camkk1,-0.14093179,-0.04499155,0.8879238302407656,1.0,p7,21,0.04499155,-0.0,False,not_significant
Sema4g,-0.14093179,-0.10772494,0.8879238302407656,1.0,p7,21,0.10772494,-0.0,False,not_significant
Epha3,-0.14719543,-0.6249666,0.882977773849079,1.0,p7,21,0.6249666,-0.0,False,not_significant
Tbr1,-0.14719543,-0.3550105,0.882977773849079,1.0,p7,21,0.3550105,-0.0,False,not_significant
Gnai2,-0.15032724,0.52685356,0.8805064430628329,1.0,p7,21,0.52685356,-0.0,False,not_significant
Sema7a,-0.15189315,-0.33824655,0.8792712123976567,1.0,p7,21,0.33824655,-0.0,False,not_significant
Cx3cr1,-0.15189315,-0.37359706,0.8792712123976567,1.0,p7,21,0.37359706,-0.0,False,not_significant
Tanc1,-0.15189315,0.106030844,0.8792712123976567,1.0,p7,21,0.106030844,-0.0,False,not_significant
Wnt5a,-0.15189315,-0.55056113,0.8792712123976567,1.0,p7,21,0.55056113,-0.0,False,not_significant
Prkcz,-0.15189315,-0.16542295,0.8792712123976567,1.0,p7,21,0.16542295,-0.0,False,not_significant
Tcf7l2,-0.15189315,0.45648235,0.8792712123976567,1.0,p7,21,0.45648235,-0.0,False,not_significant
Prex2,-0.15189315,0.9636345,0.8792712123976567,1.0,p7,21,0.9636345,-0.0,False,not_significant
Cenpe,-0.15189315,0.15175325,0.8792712123976567,1.0,p7,21,0.15175325,-0.0,False,not_significant
P2ry1,-0.15189315,-0.63066167,0.8792712123976567,1.0,p7,21,0.63066167,-0.0,False,not_significant
Nrp2,-0.15189315,-0.003969833,0.8792712123976567,1.0,p7,21,0.003969833,-0.0,False,not_significant
Nrxn1,-0.15189315,-0.48290488,0.8792712123976567,1.0,p7,21,0.48290488,-0.0,False,not_significant
Bcl6,-0.15502496,-1.0350311,0.8768016353217158,1.0,p7,21,1.0350311,-0.0,False,not_significant
Kcnq3,-0.15502496,-0.79163873,0.8768016353217158,1.0,p7,21,0.79163873,-0.0,False,not_significant
Sema4c,-0.15502496,-0.40708554,0.8768016353217158,1.0,p7,21,0.40708554,-0.0,False,not_significant
Pdgfb,-0.15502496,-0.8370909,0.8768016353217158,1.0,p7,21,0.8370909,-0.0,False,not_significant
Homer2,-0.15502496,-1.3402466,0.8768016353217158,1.0,p7,21,1.3402466,-0.0,False,not_significant
Cdkn1b,-0.15502496,-0.7988511,0.8768016353217158,1.0,p7,21,0.7988511,-0.0,False,not_significant
Ssh1,-0.15815678,-1.4669671,0.8743332569578972,1.0,p7,21,1.4669671,-0.0,False,not_significant
P2ry12,-0.15815678,-1.4547086,0.8743332569578972,1.0,p7,21,1.4547086,-0.0,False,not_significant
Neurod6,-0.15815678,-1.8411442,0.8743332569578972,1.0,p7,21,1.8411442,-0.0,False,not_significant
Stx3,-0.15815678,-1.0185785,0.8743332569578972,1.0,p7,21,1.0185785,-0.0,False,not_significant
Stx6,-0.15815678,-1.4525701,0.8743332569578972,1.0,p7,21,1.4525701,-0.0,False,not_significant
Map2k1,-0.15815678,-1.7457818,0.8743332569578972,1.0,p7,21,1.7457818,-0.0,False,not_significant
Sema4a,-0.15815678,-1.7222204,0.8743332569578972,1.0,p7,21,1.7222204,-0.0,False,not_significant
Hes5,-0.1612886,-2.5459092,0.8718661009230138,1.0,p7,21,2.5459092,-0.0,False,not_significant
Ppp3r1,-0.1612886,-2.4203465,0.8718661009230138,1.0,p7,21,2.4203465,-0.0,False,not_significant
Cldn5,-0.1612886,-1.6638539,0.8718661009230138,1.0,p7,21,1.6638539,-0.0,False,not_significant
Sox1,-0.1612886,-2.064425,0.8718661009230138,1.0,p7,21,2.064425,-0.0,False,not_significant
Shank2,-0.1612886,-1.1659127,0.8718661009230138,1.0,p7,21,1.1659127,-0.0,False,not_significant
Plxna4,-0.16285451,-0.117025904,0.8706329886494428,1.0,p7,21,0.117025904,-0.0,False,not_significant
Cadm3,-0.16442041,-0.37377885,0.8694001907982123,1.0,p7,21,0.37377885,-0.0,False,not_significant
Ryk,-0.16598633,0.23168685,0.8681677103112814,1.0,p7,21,0.23168685,-0.0,False,not_significant
Stmn1,-0.16598633,-0.03995212,0.8681677103112814,1.0,p7,21,0.03995212,-0.0,False,not_significant
Lrp6,-0.16911815,-0.44722912,0.8657037131865682,1.0,p7,21,0.44722912,-0.0,False,not_significant
Atp1a3,-0.16911815,0.058251195,0.8657037131865682,1.0,p7,21,0.058251195,-0.0,False,not_significant
Atp6v1h,-0.17068405,-0.9175594,0.8644722024210532,1.0,p7,21,0.9175594,-0.0,False,not_significant
Gria2,-0.17068405,0.04422572,0.8644722024210532,1.0,p7,21,0.04422572,-0.0,False,not_significant
Dlgap1,-0.18164541,-0.0029866216,0.8558610060283491,1.0,p7,21,0.0029866216,-0.0,False,not_significant
Kcnq2,-0.19417268,-0.23166196,0.8460406704027374,1.0,p7,21,0.23166196,-0.0,False,not_significant
Plxnb1,-0.1973045,0.027763886,0.8435892565022007,1.0,p7,21,0.027763886,-0.0,False,not_significant
Gria4,-0.1973045,-0.4604746,0.8435892565022007,1.0,p7,21,0.4604746,-0.0,False,not_significant
Ngef,-0.20043632,-0.46075517,0.8411393569143367,1.0,p7,21,0.46075517,-0.0,False,not_significant
Calb2,-0.20043632,0.031846445,0.8411393569143367,1.0,p7,21,0.031846445,-0.0,False,not_significant
Pik3ca,-0.20043632,-0.5827963,0.8411393569143367,1.0,p7,21,0.5827963,-0.0,False,not_significant
Prkaca,-0.20356813,-0.57071,0.8386909947180308,1.0,p7,21,0.57071,-0.0,False,not_significant
Ephb6,-0.20356813,-0.6477007,0.8386909947180308,1.0,p7,21,0.6477007,-0.0,False,not_significant
Rbx1,-0.20356813,-1.1910403,0.8386909947180308,1.0,p7,21,1.1910403,-0.0,False,not_significant
Pak1,-0.20669995,-0.7424581,0.8362441929475366,1.0,p7,21,0.7424581,-0.0,False,not_significant
Erbb4,-0.20669995,-0.695919,0.8362441929475366,1.0,p7,21,0.695919,-0.0,False,not_significant
Dnajc5,-0.20669995,0.23195365,0.8362441929475366,1.0,p7,21,0.23195365,-0.0,False,not_significant
Slitrk4,-0.2129636,-27.803831,0.8313553625939475,1.0,p7,21,27.803831,-0.0,False,not_significant
Trim25,-0.2129636,-26.18921,0.8313553625939475,1.0,p7,21,26.18921,-0.0,False,not_significant
Fgfr3,-0.2129636,-26.23923,0.8313553625939475,1.0,p7,21,26.23923,-0.0,False,not_significant
Nos1,-0.2129636,-26.457233,0.8313553625939475,1.0,p7,21,26.457233,-0.0,False,not_significant
Cers1,-0.2129636,-1.3006159,0.8313553625939475,1.0,p7,21,1.3006159,-0.0,False,not_significant
Unc5d,-0.2129636,-26.095509,0.8313553625939475,1.0,p7,21,26.095509,-0.0,False,not_significant
Pdcd1,-0.2129636,-27.362734,0.8313553625939475,1.0,p7,21,27.362734,-0.0,False,not_significant
Nptx2,-0.2129636,-27.976934,0.8313553625939475,1.0,p7,21,27.976934,-0.0,False,not_significant
Unc5c,-0.2129636,-27.18788,0.8313553625939475,1.0,p7,21,27.18788,-0.0,False,not_significant
Mrc1,-0.2129636,-26.776098,0.8313553625939475,1.0,p7,21,26.776098,-0.0,False,not_significant
Eomes,-0.2129636,-27.605064,0.8313553625939475,1.0,p7,21,27.605064,-0.0,False,not_significant
Gabra5,-0.2129636,-25.703762,0.8313553625939475,1.0,p7,21,25.703762,-0.0,False,not_significant
Tgfbr1,-0.2129636,-27.235622,0.8313553625939475,1.0,p7,21,27.235622,-0.0,False,not_significant
Notum,-0.2129636,-27.114325,0.8313553625939475,1.0,p7,21,27.114325,-0.0,False,not_significant
Gnb3,-0.2129636,-28.203163,0.8313553625939475,1.0,p7,21,28.203163,-0.0,False,not_significant
P2ry13,-0.2129636,-27.080433,0.8313553625939475,1.0,p7,21,27.080433,-0.0,False,not_significant
Tuba1a,-0.2129636,-25.910294,0.8313553625939475,1.0,p7,21,25.910294,-0.0,False,not_significant
Stxbp6,-0.2129636,-25.566793,0.8313553625939475,1.0,p7,21,25.566793,-0.0,False,not_significant
Junb,-0.2129636,-27.193884,0.8313553625939475,1.0,p7,21,27.193884,-0.0,False,not_significant
Map3k15,-0.2129636,-27.404753,0.8313553625939475,1.0,p7,21,27.404753,-0.0,False,not_significant
Sun1,-0.2129636,-26.226171,0.8313553625939475,1.0,p7,21,26.226171,-0.0,False,not_significant
Nxph1,-0.2129636,-27.009472,0.8313553625939475,1.0,p7,21,27.009472,-0.0,False,not_significant
Nrxn3,-0.2129636,-26.01231,0.8313553625939475,1.0,p7,21,26.01231,-0.0,False,not_significant
Slc6a3,-0.2129636,-27.47709,0.8313553625939475,1.0,p7,21,27.47709,-0.0,False,not_significant
Cd226,-0.2129636,-28.808123,0.8313553625939475,1.0,p7,21,28.808123,-0.0,False,not_significant
Chrnb2,-0.2129636,-26.896759,0.8313553625939475,1.0,p7,21,26.896759,-0.0,False,not_significant
Kank1,-0.2129636,-27.27202,0.8313553625939475,1.0,p7,21,27.27202,-0.0,False,not_significant
Gda,-0.2129636,-25.883858,0.8313553625939475,1.0,p7,21,25.883858,-0.0,False,not_significant
Boc,-0.2129636,-26.122843,0.8313553625939475,1.0,p7,21,26.122843,-0.0,False,not_significant
Efna1,-0.2129636,-26.521738,0.8313553625939475,1.0,p7,21,26.521738,-0.0,False,not_significant
Sema5b,-0.2129636,-26.660515,0.8313553625939475,1.0,p7,21,26.660515,-0.0,False,not_significant
Itgb1,-0.2129636,-0.059890933,0.8313553625939475,1.0,p7,21,0.059890933,-0.0,False,not_significant
Cd9,-0.2129636,-26.653543,0.8313553625939475,1.0,p7,21,26.653543,-0.0,False,not_significant
Rnd1,-0.2129636,-27.22559,0.8313553625939475,1.0,p7,21,27.22559,-0.0,False,not_significant
Cd86,-0.2129636,-27.84134,0.8313553625939475,1.0,p7,21,27.84134,-0.0,False,not_significant
Thrsp,-0.2129636,-26.912405,0.8313553625939475,1.0,p7,21,26.912405,-0.0,False,not_significant
Mpz,-0.2129636,-27.009295,0.8313553625939475,1.0,p7,21,27.009295,-0.0,False,not_significant
Lrrc4,-0.2129636,-26.430824,0.8313553625939475,1.0,p7,21,26.430824,-0.0,False,not_significant
Cldn11,-0.2129636,-27.284311,0.8313553625939475,1.0,p7,21,27.284311,-0.0,False,not_significant
Tgfb1,-0.2129636,-26.80099,0.8313553625939475,1.0,p7,21,26.80099,-0.0,False,not_significant
Pvr,-0.2129636,-26.228395,0.8313553625939475,1.0,p7,21,26.228395,-0.0,False,not_significant
Itga4,-0.2129636,-27.41972,0.8313553625939475,1.0,p7,21,27.41972,-0.0,False,not_significant
Tenm1,-0.2129636,-26.15655,0.8313553625939475,1.0,p7,21,26.15655,-0.0,False,not_significant
Nfatc3,-0.2129636,-26.937347,0.8313553625939475,1.0,p7,21,26.937347,-0.0,False,not_significant
Cntnap1,-0.2129636,-26.097364,0.8313553625939475,1.0,p7,21,26.097364,-0.0,False,not_significant
Btrc,-0.2129636,-26.980375,0.8313553625939475,1.0,p7,21,26.980375,-0.0,False,not_significant
Ccna2,-0.2129636,-28.04531,0.8313553625939475,1.0,p7,21,28.04531,-0.0,False,not_significant
Cdk4,-0.2129636,-27.92161,0.8313553625939475,1.0,p7,21,27.92161,-0.0,False,not_significant
Fam163b,-0.2129636,-26.556414,0.8313553625939475,1.0,p7,21,26.556414,-0.0,False,not_significant
Slc32a1,-0.2129636,-26.930813,0.8313553625939475,1.0,p7,21,26.930813,-0.0,False,not_significant
Rac3,-0.2129636,-25.895412,0.8313553625939475,1.0,p7,21,25.895412,-0.0,False,not_significant
Kcnb1,-0.2129636,-26.44196,0.8313553625939475,1.0,p7,21,26.44196,-0.0,False,not_significant
Atp6v1f,-0.2129636,-27.785978,0.8313553625939475,1.0,p7,21,27.785978,-0.0,False,not_significant
Glul,-0.2160954,0.11855605,0.82891337985037,1.0,p7,21,0.11855605,-0.0,False,not_significant
Grik3,-0.22235905,-1.5440693,0.8240343934752917,1.0,p7,21,1.5440693,-0.0,False,not_significant
Bmp7,-0.22235905,-0.86148226,0.8240343934752917,1.0,p7,21,0.86148226,-0.0,False,not_significant
Syn2,-0.22549085,-0.0709611,0.8215974353980987,1.0,p7,21,0.0709611,-0.0,False,not_significant
Cd99l2,-0.23488632,0.44794193,0.8142969739020407,1.0,p7,21,0.44794193,-0.0,False,not_significant
Sox11,-0.23801813,0.17401518,0.811867032993299,1.0,p7,21,0.17401518,-0.0,False,not_significant
Flna,-0.25367722,-0.18449013,0.7997449367183395,1.0,p7,21,0.18449013,-0.0,False,not_significant
Prkn,-0.25680903,-1.1342738,0.7973261955095423,1.0,p7,21,1.1342738,-0.0,False,not_significant
Abl1,-0.25680903,-0.20623155,0.7973261955095423,1.0,p7,21,0.20623155,-0.0,False,not_significant
Grin3a,-0.25680903,-0.46178818,0.7973261955095423,1.0,p7,21,0.46178818,-0.0,False,not_significant
Rbfox3,-0.25680903,-0.49263775,0.7973261955095423,1.0,p7,21,0.49263775,-0.0,False,not_significant
Nes,-0.25680903,-0.8617109,0.7973261955095423,1.0,p7,21,0.8617109,-0.0,False,not_significant
Gad1,-0.25680903,-0.3489423,0.7973261955095423,1.0,p7,21,0.3489423,-0.0,False,not_significant
Ntsr2,-0.25994086,-1.2283221,0.7949093988598904,1.0,p7,21,1.2283221,-0.0,False,not_significant
Gsk3b,-0.25994086,-1.2875953,0.7949093988598904,1.0,p7,21,1.2875953,-0.0,False,not_significant
Casp3,-0.25994086,-1.1952028,0.7949093988598904,1.0,p7,21,1.1952028,-0.0,False,not_significant
Nr4a2,-0.25994086,-1.0860868,0.7949093988598904,1.0,p7,21,1.0860868,-0.0,False,not_significant
Gabrb2,-0.26307267,-0.37821138,0.7924945688914729,1.0,p7,21,0.37821138,-0.0,False,not_significant
Atp6v0b,-0.26463857,-0.7828989,0.7912878983104291,1.0,p7,21,0.7828989,-0.0,False,not_significant
Pafah1b1,-0.26620448,-1.5914638,0.7900817276698131,1.0,p7,21,1.5914638,-0.0,False,not_significant
Kcnd2,-0.26620448,-1.8326025,0.7900817276698131,1.0,p7,21,1.8326025,-0.0,False,not_significant
Fbxo31,-0.26620448,-2.3494098,0.7900817276698131,1.0,p7,21,2.3494098,-0.0,False,not_significant
Nectin2,-0.26620448,-1.9006126,0.7900817276698131,1.0,p7,21,1.9006126,-0.0,False,not_significant
Ncam2,-0.2693363,-2.5571644,0.7876708972032667,1.0,p7,21,2.5571644,-0.0,False,not_significant
Rapgef2,-0.27246812,-0.19180991,0.7852620994424203,1.0,p7,21,0.19180991,-0.0,False,not_significant
Id4,-0.28186357,-0.3347737,0.7780481210209084,1.0,p7,21,0.3347737,-0.0,False,not_significant
Mecp2,-0.28342947,-1.0272778,0.7768476303721763,1.0,p7,21,1.0272778,-0.0,False,not_significant
Atp6v0d1,-0.29439086,0.033382915,0.7684592623194824,1.0,p7,21,0.033382915,-0.0,False,not_significant
Clta,-0.29752266,-0.25641614,0.7660675092974129,1.0,p7,21,0.25641614,-0.0,False,not_significant
Cntn2,-0.3037863,-0.7532083,0.7612907072852332,1.0,p7,21,0.7532083,-0.0,False,not_significant
Cxcl12,-0.3069181,-0.001780899,0.7589057009120008,1.0,p7,21,0.001780899,-0.0,False,not_significant
Sema4f,-0.31004992,-0.27131936,0.7565229859310614,1.0,p7,21,0.27131936,-0.0,False,not_significant
Plaa,-0.31631356,-0.6696398,0.7517645146653888,1.0,p7,21,0.6696398,-0.0,False,not_significant
Fbxo8,-0.31944537,-27.89775,0.749388800475101,1.0,p7,21,27.89775,-0.0,False,not_significant
Fgfr1,-0.31944537,-27.065844,0.749388800475101,1.0,p7,21,27.065844,-0.0,False,not_significant
Kcnh1,-0.31944537,-27.628195,0.749388800475101,1.0,p7,21,27.628195,-0.0,False,not_significant
Cenpa,-0.31944537,-29.004269,0.749388800475101,1.0,p7,21,29.004269,-0.0,False,not_significant
Gabrg2,-0.31944537,-28.128061,0.749388800475101,1.0,p7,21,28.128061,-0.0,False,not_significant
Cdk5r2,-0.31944537,-26.764967,0.749388800475101,1.0,p7,21,26.764967,-0.0,False,not_significant
Cdk5,-0.31944537,-26.66041,0.749388800475101,1.0,p7,21,26.66041,-0.0,False,not_significant
Pak4,-0.31944537,-26.929476,0.749388800475101,1.0,p7,21,26.929476,-0.0,False,not_significant
Ppp3r2,-0.31944537,-27.699371,0.749388800475101,1.0,p7,21,27.699371,-0.0,False,not_significant
Gad2,-0.31944537,-28.058853,0.749388800475101,1.0,p7,21,28.058853,-0.0,False,not_significant
Grin2a,-0.31944537,-25.237738,0.749388800475101,1.0,p7,21,25.237738,-0.0,False,not_significant
Hcn1,-0.31944537,-26.876657,0.749388800475101,1.0,p7,21,26.876657,-0.0,False,not_significant
Col3a1,-0.31944537,-27.422832,0.749388800475101,1.0,p7,21,27.422832,-0.0,False,not_significant
Epha5,-0.31944537,-27.917572,0.749388800475101,1.0,p7,21,27.917572,-0.0,False,not_significant
Ptprb,-0.31944537,-26.22929,0.749388800475101,1.0,p7,21,26.22929,-0.0,False,not_significant
Trpc3,-0.31944537,-26.440443,0.749388800475101,1.0,p7,21,26.440443,-0.0,False,not_significant
Cxcl14,-0.31944537,-26.514744,0.749388800475101,1.0,p7,21,26.514744,-0.0,False,not_significant
Mdga1,-0.31944537,-26.706348,0.749388800475101,1.0,p7,21,26.706348,-0.0,False,not_significant
Mef2c,-0.31944537,-25.700642,0.749388800475101,1.0,p7,21,25.700642,-0.0,False,not_significant
Gbx2,-0.31944537,-28.092865,0.749388800475101,1.0,p7,21,28.092865,-0.0,False,not_significant
Grin2b,-0.31944537,-26.743662,0.749388800475101,1.0,p7,21,26.743662,-0.0,False,not_significant
Neurod1,-0.31944537,-26.677256,0.749388800475101,1.0,p7,21,26.677256,-0.0,False,not_significant
Rnd3,-0.31944537,-27.950432,0.749388800475101,1.0,p7,21,27.950432,-0.0,False,not_significant
Kcnj2,-0.31944537,-27.351347,0.749388800475101,1.0,p7,21,27.351347,-0.0,False,not_significant
Dicer1,-0.31944537,-26.801075,0.749388800475101,1.0,p7,21,26.801075,-0.0,False,not_significant
Gls2,-0.31944537,-27.469448,0.749388800475101,1.0,p7,21,27.469448,-0.0,False,not_significant
Wnt4,-0.31944537,-27.320068,0.749388800475101,1.0,p7,21,27.320068,-0.0,False,not_significant
Sema4b,-0.31944537,-26.800169,0.749388800475101,1.0,p7,21,26.800169,-0.0,False,not_significant
Atp6v1g1,-0.31944537,-27.751753,0.749388800475101,1.0,p7,21,27.751753,-0.0,False,not_significant
Cd34,-0.31944537,-26.707582,0.749388800475101,1.0,p7,21,26.707582,-0.0,False,not_significant
Camk2a,-0.33197266,-0.027998,0.7399099079689625,1.0,p7,21,0.027998,-0.0,False,not_significant
Syt1,-0.33197266,-0.7246403,0.7399099079689625,1.0,p7,21,0.7246403,-0.0,False,not_significant
Cplx2,-0.33510447,-0.2731525,0.7375462797907989,1.0,p7,21,0.2731525,-0.0,False,not_significant
Nectin1,-0.34449992,0.24186078,0.7304703530699217,1.0,p7,21,0.24186078,-0.0,False,not_significant
Ap2b1,-0.35076356,-0.13007316,0.7257657378841849,1.0,p7,21,0.13007316,-0.0,False,not_significant
Robo1,-0.35076356,0.14496778,0.7257657378841849,1.0,p7,21,0.14496778,-0.0,False,not_significant
Akt2,-0.35389537,-0.8439892,0.7234172920389699,1.0,p7,21,0.8439892,-0.0,False,not_significant
Dlg4,-0.35389537,-1.0003628,0.7234172920389699,1.0,p7,21,1.0003628,-0.0,False,not_significant
Hdac4,-0.3570272,-0.69580734,0.7210714476161801,1.0,p7,21,0.69580734,-0.0,False,not_significant
Efnb3,-0.3617249,-0.26554424,0.7175576026007431,1.0,p7,21,0.26554424,-0.0,False,not_significant
Cd276,-0.3617249,-0.50294524,0.7175576026007431,1.0,p7,21,0.50294524,-0.0,False,not_significant
Efnb2,-0.3617249,-0.996526,0.7175576026007431,1.0,p7,21,0.996526,-0.0,False,not_significant
Tafa2,-0.3617249,-0.85456556,0.7175576026007431,1.0,p7,21,0.85456556,-0.0,False,not_significant
Cd24a,-0.3617249,-0.45203277,0.7175576026007431,1.0,p7,21,0.45203277,-0.0,False,not_significant
Stx5a,-0.3617249,-0.9826864,0.7175576026007431,1.0,p7,21,0.9826864,-0.0,False,not_significant
Nhlh2,-0.36329082,-0.16191745,0.7163876433697445,1.0,p7,21,0.16191745,-0.0,False,not_significant
Stx17,-0.36485675,-0.5670619,0.7152183495160747,1.0,p7,21,0.5670619,-0.0,False,not_significant
Nr2f1,-0.36485675,-1.1979942,0.7152183495160747,1.0,p7,21,1.1979942,-0.0,False,not_significant
Srgap2,-0.36485675,-1.2772615,0.7152183495160747,1.0,p7,21,1.2772615,-0.0,False,not_significant
Myc,-0.36485675,-1.6100433,0.7152183495160747,1.0,p7,21,1.6100433,-0.0,False,not_significant
Scrib,-0.36642265,-1.3404692,0.7140497235268773,1.0,p7,21,1.3404692,-0.0,False,not_significant
Parp2,-0.36798856,-1.8605714,0.7128817678846009,1.0,p7,21,1.8605714,-0.0,False,not_significant
Cspg4,-0.36955446,-0.30042782,0.7117144850669834,1.0,p7,21,0.30042782,-0.0,False,not_significant
Stx4a,-0.3742522,-2.90352,0.7082166982684843,1.0,p7,21,2.90352,-0.0,False,not_significant
Ripk1,-0.3742522,-2.1756163,0.7082166982684843,1.0,p7,21,2.1756163,-0.0,False,not_significant
Gabra2,-0.377384,-2.4070573,0.705888249737932,1.0,p7,21,2.4070573,-0.0,False,not_significant
Grk2,-0.3789499,-0.05727137,0.7047250556350335,1.0,p7,21,0.05727137,-0.0,False,not_significant
Grin1,-0.3789499,-0.24980071,0.7047250556350335,1.0,p7,21,0.24980071,-0.0,False,not_significant
Cntnap2,-0.38208175,-0.63834643,0.7024007399756436,1.0,p7,21,0.63834643,-0.0,False,not_significant
Apba1,-0.38521355,-0.105149694,0.7000792039505415,1.0,p7,21,0.105149694,-0.0,False,not_significant
Kcnc2,-0.3914772,-0.061131574,0.6954445483999919,1.0,p7,21,0.061131574,-0.0,False,not_significant
Rgs4,-0.3977408,-0.13189556,0.6908212433912506,1.0,p7,21,0.13189556,-0.0,False,not_significant
Slc35f1,-0.40087265,-0.5064748,0.6885138952462939,1.0,p7,21,0.5064748,-0.0,False,not_significant
Ndnf,-0.40400445,-0.37124917,0.6862094420645061,1.0,p7,21,0.37124917,-0.0,False,not_significant
Apcdd1,-0.40400445,-0.59105,0.6862094420645061,1.0,p7,21,0.59105,-0.0,False,not_significant
Olig1,-0.4102681,-1.0499493,0.6816092962773972,1.0,p7,21,1.0499493,-0.0,False,not_significant
Kcnma1,-0.4133999,0.08539035,0.6793136413124148,1.0,p7,21,0.08539035,-0.0,False,not_significant
Prkacb,-0.4165317,-1.1192029,0.6770209565903786,1.0,p7,21,1.1192029,-0.0,False,not_significant
Cxcr4,-0.4165317,-1.1088574,0.6770209565903786,1.0,p7,21,1.1088574,-0.0,False,not_significant
Meis2,-0.4165317,-1.0803261,0.6770209565903786,1.0,p7,21,1.0803261,-0.0,False,not_significant
Ap2m1,-0.4165317,-0.49274924,0.6770209565903786,1.0,p7,21,0.49274924,-0.0,False,not_significant
Fxyd6,-0.4165317,0.37908483,0.6770209565903786,1.0,p7,21,0.37908483,-0.0,False,not_significant
Clu,-0.4165317,-0.8457895,0.6770209565903786,1.0,p7,21,0.8457895,-0.0,False,not_significant
Ntn1,-0.4259272,-27.489363,0.6701609096173152,1.0,p7,21,27.489363,-0.0,False,not_significant
Nf1,-0.4259272,-27.681011,0.6701609096173152,1.0,p7,21,27.681011,-0.0,False,not_significant
Fgf12,-0.4259272,-27.141794,0.6701609096173152,1.0,p7,21,27.141794,-0.0,False,not_significant
Sema6c,-0.4259272,-27.358458,0.6701609096173152,1.0,p7,21,27.358458,-0.0,False,not_significant
Mast3,-0.4259272,-27.061384,0.6701609096173152,1.0,p7,21,27.061384,-0.0,False,not_significant
Adgrg1,-0.4259272,-27.02542,0.6701609096173152,1.0,p7,21,27.02542,-0.0,False,not_significant
Stx7,-0.4259272,-27.345789,0.6701609096173152,1.0,p7,21,27.345789,-0.0,False,not_significant
Slc1a6,-0.4259272,-27.451435,0.6701609096173152,1.0,p7,21,27.451435,-0.0,False,not_significant
Unc5a,-0.429059,-1.1715405,0.6678802911863888,1.0,p7,21,1.1715405,-0.0,False,not_significant
Gng2,-0.429059,-0.14192349,0.6678802911863888,1.0,p7,21,0.14192349,-0.0,False,not_significant
Nfe2l2,-0.4321908,-1.1521537,0.6656027352405142,1.0,p7,21,1.1521537,-0.0,False,not_significant
Zyg11b,-0.4494158,-0.9690084,0.6531317283213212,1.0,p7,21,0.9690084,-0.0,False,not_significant
Spop,-0.4494158,-0.36138874,0.6531317283213212,1.0,p7,21,0.36138874,-0.0,False,not_significant
Dyrk1a,-0.46037716,-0.1784512,0.6452455177159904,1.0,p7,21,0.1784512,-0.0,False,not_significant
Nsf,-0.4666408,-1.3049488,0.6407568867069375,1.0,p7,21,1.3049488,-0.0,False,not_significant
Lamb1,-0.46977264,-2.0952003,0.6385174752952281,1.0,p7,21,2.0952003,-0.0,False,not_significant
Laptm5,-0.46977264,-1.7072126,0.6385174752952281,1.0,p7,21,1.7072126,-0.0,False,not_significant
Vcam1,-0.47290444,-2.0296986,0.6362813561747496,1.0,p7,21,2.0296986,-0.0,False,not_significant
Shank3,-0.47290444,-0.033272937,0.6362813561747496,1.0,p7,21,0.033272937,-0.0,False,not_significant
Fbxo45,-0.47760215,-1.1380913,0.6329333878340386,1.0,p7,21,1.1380913,-0.0,False,not_significant
Cdh5,-0.4791681,-2.6334007,0.6318190629570576,1.0,p7,21,2.6334007,-0.0,False,not_significant
Sema6a,-0.4822999,-2.63846,0.6295929227089714,1.0,p7,21,2.63846,-0.0,False,not_significant
Vamp2,-0.48856354,-0.37955773,0.6251507388763542,1.0,p7,21,0.37955773,-0.0,False,not_significant
Cacnb4,-0.49169534,-0.51409227,0.622934728594825,1.0,p7,21,0.51409227,-0.0,False,not_significant
Ptpn11,-0.50735444,-0.7586026,0.6119061513116029,1.0,p7,21,0.7586026,-0.0,False,not_significant
Gabbr1,-0.5277113,-0.21370834,0.5976997655324521,1.0,p7,21,0.21370834,-0.0,False,not_significant
Gabarap,-0.53240895,-27.784555,0.594442771355757,1.0,p7,21,27.784555,-0.0,False,not_significant
Pecam1,-0.53240895,-27.895906,0.594442771355757,1.0,p7,21,27.895906,-0.0,False,not_significant
Omg,-0.53240895,-27.268791,0.594442771355757,1.0,p7,21,27.268791,-0.0,False,not_significant
Ntrk3,-0.53240895,-26.64363,0.594442771355757,1.0,p7,21,26.64363,-0.0,False,not_significant
Epm2a,-0.53240895,-27.65377,0.594442771355757,1.0,p7,21,27.65377,-0.0,False,not_significant
Csf1,-0.53240895,-28.419804,0.594442771355757,1.0,p7,21,28.419804,-0.0,False,not_significant
Fbxw7,-0.53240895,-27.256891,0.594442771355757,1.0,p7,21,27.256891,-0.0,False,not_significant
Ablim1,-0.5386726,-0.22585124,0.5901127771796214,1.0,p7,21,0.22585124,-0.0,False,not_significant
Emx2,-0.5386726,-1.2489314,0.5901127771796214,1.0,p7,21,1.2489314,-0.0,False,not_significant
Cdh2,-0.5386726,-0.24934503,0.5901127771796214,1.0,p7,21,0.24934503,-0.0,False,not_significant
Zbtb20,-0.5465022,-0.06897205,0.5847208085875693,1.0,p7,21,0.06897205,-0.0,False,not_significant
Ptprm,-0.56059533,-0.5239432,0.5750734350701263,1.0,p7,21,0.5239432,-0.0,False,not_significant
Epha4,-0.56372714,-0.11097179,0.5729398381667965,1.0,p7,21,0.11097179,-0.0,False,not_significant
Cenpf,-0.56372714,-1.6527061,0.5729398381667965,1.0,p7,21,1.6527061,-0.0,False,not_significant
Axin2,-0.56372714,-0.4899678,0.5729398381667965,1.0,p7,21,0.4899678,-0.0,False,not_significant
Gnai3,-0.5684249,-0.91792625,0.5697465038555851,1.0,p7,21,0.91792625,-0.0,False,not_significant
Nras,-0.5715567,-1.1754783,0.567622342370528,1.0,p7,21,1.1754783,-0.0,False,not_significant
Crkl,-0.5715567,-0.3917777,0.567622342370528,1.0,p7,21,0.3917777,-0.0,False,not_significant
Nrn1,-0.5731226,-0.9053938,0.5665616853286028,1.0,p7,21,0.9053938,-0.0,False,not_significant
Ppp3ca,-0.5731226,-1.1565517,0.5665616853286028,1.0,p7,21,1.1565517,-0.0,False,not_significant
Plxna1,-0.5746885,-1.339137,0.5655019797542908,1.0,p7,21,1.339137,-0.0,False,not_significant
Psen1,-0.5746885,-1.2820748,0.5655019797542908,1.0,p7,21,1.2820748,-0.0,False,not_significant
Ptprs,-0.5762544,-0.2297944,0.5644432273902115,1.0,p7,21,0.2297944,-0.0,False,not_significant
Limk1,-0.5887817,-0.43944064,0.5560077310977396,1.0,p7,21,0.43944064,-0.0,False,not_significant
Gabbr2,-0.5919135,-0.43080702,0.5539085092176684,1.0,p7,21,0.43080702,-0.0,False,not_significant
Jam2,-0.5950453,-1.8771774,0.5518131751939197,1.0,p7,21,1.8771774,-0.0,False,not_significant
Atp6v0a1,-0.59661126,-0.7869932,0.5507669702924171,1.0,p7,21,0.7869932,-0.0,False,not_significant
Mapk1,-0.60444075,-0.24897936,0.5455506328837403,1.0,p7,21,0.24897936,-0.0,False,not_significant
Limk2,-0.6122703,-0.8686538,0.5403589233209545,1.0,p7,21,0.8686538,-0.0,False,not_significant
Lrp1,-0.6138362,-1.24167,0.5393235544616275,1.0,p7,21,1.24167,-0.0,False,not_significant
Nfix,-0.6279294,-0.05533818,0.5300501856247122,1.0,p7,21,0.05533818,-0.0,False,not_significant
Cplx1,-0.6294953,-1.6854889,0.5290248343174213,1.0,p7,21,1.6854889,-0.0,False,not_significant
Cnr1,-0.6294953,-1.592586,0.5290248343174213,1.0,p7,21,1.592586,-0.0,False,not_significant
Slc38a1,-0.63575894,-0.84942913,0.5249335464318488,1.0,p7,21,0.84942913,-0.0,False,not_significant
Top2a,-0.63889074,-27.519037,0.5228939939324153,1.0,p7,21,27.519037,-0.0,False,not_significant
Neurod2,-0.63889074,-27.754421,0.5228939939324153,1.0,p7,21,27.754421,-0.0,False,not_significant
Nrxn2,-0.63889074,-28.747387,0.5228939939324153,1.0,p7,21,28.747387,-0.0,False,not_significant
Gabra1,-0.63889074,-27.488552,0.5228939939324153,1.0,p7,21,27.488552,-0.0,False,not_significant
Gng10,-0.63889074,-28.497723,0.5228939939324153,1.0,p7,21,28.497723,-0.0,False,not_significant
Vamp3,-0.63889074,-27.776377,0.5228939939324153,1.0,p7,21,27.776377,-0.0,False,not_significant
Fubp1,-0.6420226,-2.307216,0.520858518268382,1.0,p7,21,2.307216,-0.0,False,not_significant
Stxbp1,-0.6451544,-0.23445706,0.5188271312151106,1.0,p7,21,0.23445706,-0.0,False,not_significant
Src,-0.67020893,-1.3380573,0.5027246035136433,1.0,p7,21,1.3380573,-0.0,False,not_significant
Srgap1,-0.6764726,-0.62639767,0.49874065048866234,1.0,p7,21,0.62639767,-0.0,False,not_significant
Cacna2d2,-0.6827362,-0.9791153,0.4947735424112426,1.0,p7,21,0.9791153,-0.0,False,not_significant
Ephb1,-0.68899983,-2.6496465,0.4908233630379957,1.0,p7,21,2.6496465,-0.0,False,not_significant
Lef1,-0.69213164,-3.1227567,0.48885464732928396,1.0,p7,21,3.1227567,-0.0,False,not_significant
Atp6v0c,-0.6952635,-2.0950325,0.4868901944426537,1.0,p7,21,2.0950325,-0.0,False,not_significant
Lhx1,-0.6983953,-0.977785,0.48493001437397376,1.0,p7,21,0.977785,-0.0,False,not_significant
Arhgap32,-0.7015271,-0.33502102,0.4829741170136449,1.0,p7,21,0.33502102,-0.0,False,not_significant
Ntm,-0.7046589,-1.4146649,0.481022512146539,1.0,p7,21,1.4146649,-0.0,False,not_significant
Crmp1,-0.7046589,-0.5164883,0.481022512146539,1.0,p7,21,0.5164883,-0.0,False,not_significant
Syne2,-0.7234498,-1.4741088,0.46940355994443306,1.0,p7,21,1.4741088,-0.0,False,not_significant
Adcy2,-0.72658163,-0.488226,0.46748226763108325,1.0,p7,21,0.488226,-0.0,False,not_significant
Stx1b,-0.72658163,-0.44418338,0.46748226763108325,1.0,p7,21,0.44418338,-0.0,False,not_significant
Fat3,-0.72658163,-0.31729242,0.46748226763108325,1.0,p7,21,0.31729242,-0.0,False,not_significant
Negr1,-0.7297135,-1.5754311,0.46556534228500435,1.0,p7,21,1.5754311,-0.0,False,not_significant
Sdc3,-0.74380666,-0.63600373,0.45699345379981526,1.0,p7,21,0.63600373,-0.0,False,not_significant
Cobll1,-0.74380666,-0.43862253,0.45699345379981526,1.0,p7,21,0.43862253,-0.0,False,not_significant
Plxnb2,-0.74537253,-29.301811,0.45604652551455793,1.0,p7,21,29.301811,-0.0,False,not_significant
Cadm1,-0.74537253,-26.476368,0.45604652551455793,1.0,p7,21,26.476368,-0.0,False,not_significant
Lmnb1,-0.7485044,-2.3856983,0.4541559837597423,1.0,p7,21,2.3856983,-0.0,False,not_significant
Slitrk5,-0.7516362,-0.843867,0.4522698685794322,1.0,p7,21,0.843867,-0.0,False,not_significant
Plcb1,-0.754768,-0.34246048,0.45038818806523184,1.0,p7,21,0.34246048,-0.0,False,not_significant
Chd2,-0.7641635,-0.5133081,0.444769833846696,1.0,p7,21,0.5133081,-0.0,False,not_significant
Gng3,-0.7641635,-1.6049861,0.444769833846696,1.0,p7,21,1.6049861,-0.0,False,not_significant
Tead1,-0.7688612,-0.46841457,0.4419757163764353,1.0,p7,21,0.46841457,-0.0,False,not_significant
Foxg1,-0.79391575,-3.596483,0.4272444891530539,1.0,p7,21,3.596483,-0.0,False,not_significant
Rtn4,-0.7954816,-0.68920666,0.42633338500844065,1.0,p7,21,0.68920666,-0.0,False,not_significant
Unc13b,-0.8017453,-0.6304427,0.4227003186788236,1.0,p7,21,0.6304427,-0.0,False,not_significant
Frrs1l,-0.8017453,-1.6287314,0.4227003186788236,1.0,p7,21,1.6287314,-0.0,False,not_significant
Kcnip3,-0.8080089,-0.8506039,0.4190854512325104,1.0,p7,21,0.8506039,-0.0,False,not_significant
Lrrc4c,-0.8174044,-1.0468609,0.4136973817674289,1.0,p7,21,1.0468609,-0.0,False,not_significant
Mapk8,-0.8267998,-0.77107656,0.4083505332582128,1.0,p7,21,0.77107656,-0.0,False,not_significant
Nfasc,-0.83149755,-0.43328294,0.4056926150047496,1.0,p7,21,0.43328294,-0.0,False,not_significant
Unc5b,-0.8330634,-1.9804844,0.4048089440195146,1.0,p7,21,1.9804844,-0.0,False,not_significant
Smo,-0.8424589,-2.058983,0.39953113292051834,1.0,p7,21,2.058983,-0.0,False,not_significant
Rhoa,-0.8518544,-28.28973,0.39429493198648335,1.0,p7,21,28.28973,-0.0,False,not_significant
Gosr2,-0.8518544,-2.2037241,0.39429493198648335,1.0,p7,21,2.2037241,-0.0,False,not_significant
Cdkn2c,-0.8518544,-28.63347,0.39429493198648335,1.0,p7,21,28.63347,-0.0,False,not_significant
Rab3a,-0.8549862,-1.32167,0.39255880117601694,1.0,p7,21,1.32167,-0.0,False,not_significant
Tet2,-0.85968393,-0.21680877,0.38996331115341376,1.0,p7,21,0.21680877,-0.0,False,not_significant
Map2,-0.8706453,-0.7810136,0.38394787423995247,1.0,p7,21,0.7810136,-0.0,False,not_significant
Stmn2,-0.8737771,-0.49885353,0.38223966449361446,1.0,p7,21,0.49885353,-0.0,False,not_significant
Chd6,-0.8831725,-0.31947118,0.37714305961507666,1.0,p7,21,0.31947118,-0.0,False,not_significant
Epha7,-0.8831725,-1.09382,0.37714305961507666,1.0,p7,21,1.09382,-0.0,False,not_significant
Rgma,-0.88473845,-1.5812343,0.37629771736396667,1.0,p7,21,1.5812343,-0.0,False,not_significant
Slc4a4,-0.9019634,-3.070417,0.3670762903713607,1.0,p7,21,3.070417,-0.0,False,not_significant
Atp6v1c1,-0.90666115,-1.4286207,0.3645860064624554,1.0,p7,21,1.4286207,-0.0,False,not_significant
Mki67,-0.9238862,-1.4274566,0.35554558948092674,1.0,p7,21,1.4274566,-0.0,False,not_significant
Pdgfra,-0.9238862,-1.5632913,0.35554558948092674,1.0,p7,21,1.5632913,-0.0,False,not_significant
Ppp3cb,-0.9301498,-0.7528694,0.3522935317726684,1.0,p7,21,0.7528694,-0.0,False,not_significant
Idh2,-0.9364134,-1.7238187,0.3490603657910317,1.0,p7,21,1.7238187,-0.0,False,not_significant
Sptan1,-0.93797934,-0.43727943,0.34825502808003383,1.0,p7,21,0.43727943,-0.0,False,not_significant
Grm3,-0.9708634,-0.81029,0.33161629478642496,1.0,p7,21,0.81029,-0.0,False,not_significant
Syp,-0.9771271,-1.7012252,0.3285062538634448,1.0,p7,21,1.7012252,-0.0,False,not_significant
Ctnnb1,-0.99122024,-0.32817417,0.3215780513289216,1.0,p7,21,0.32817417,-0.0,False,not_significant
Kcnh7,-0.99122024,-1.0468313,0.3215780513289216,1.0,p7,21,1.0468313,-0.0,False,not_significant
Zfp609,-0.995918,-0.6842375,0.31929000694820353,1.0,p7,21,0.6842375,-0.0,False,not_significant
Cdh4,-0.99748385,-0.7347669,0.318529698738085,1.0,p7,21,0.7347669,-0.0,False,not_significant
Sqstm1,-0.9990498,-1.3785108,0.31777057717836765,1.0,p7,21,1.3785108,-0.0,False,not_significant
Arhgef12,-1.0021816,-0.6117231,0.316255894030103,1.0,p7,21,0.6117231,-0.0,False,not_significant
Dpysl2,-1.0021816,-0.60785145,0.316255894030103,1.0,p7,21,0.60785145,-0.0,False,not_significant
Cacna1b,-1.030368,-2.0772226,0.3028373101307358,1.0,p7,21,2.0772226,-0.0,False,not_significant
Lrrc4b,-1.0538566,-0.8316352,0.2919485817930241,1.0,p7,21,0.8316352,-0.0,False,not_significant
Pax6,-1.0616862,-2.3928816,0.2883781981093183,1.0,p7,21,2.3928816,-0.0,False,not_significant
Gnas,-1.0836089,-0.5215817,0.27853826418775185,1.0,p7,21,0.5215817,-0.0,False,not_significant
Slc2a13,-1.0898725,-1.1425037,0.2757693175115674,1.0,p7,21,1.1425037,-0.0,False,not_significant
Reln,-1.1086634,-1.5121329,0.26757541988706957,1.0,p7,21,1.5121329,-0.0,False,not_significant
Hopx,-1.1117952,-3.5361745,0.26622621196414986,1.0,p7,21,3.5361745,-0.0,False,not_significant
Gnaq,-1.1305861,-1.6248121,0.2582293344685661,1.0,p7,21,1.6248121,-0.0,False,not_significant
Epb41l3,-1.1352838,-2.0745125,0.2562564105032782,1.0,p7,21,2.0745125,-0.0,False,not_significant
Apoe,-1.183827,-0.9000695,0.2364815471476227,1.0,p7,21,0.9000695,-0.0,False,not_significant
Dnm1,-1.1947883,-0.48814946,0.23216972407551595,1.0,p7,21,0.48814946,-0.0,False,not_significant
Sfxn5,-1.1994861,-2.034085,0.23033898660170837,1.0,p7,21,2.034085,-0.0,False,not_significant
Kit,-1.201052,-0.92502904,0.22973102763276276,1.0,p7,21,0.92502904,-0.0,False,not_significant
Tnfrsf19,-1.2120134,-1.5949455,0.22550726294227486,1.0,p7,21,1.5949455,-0.0,False,not_significant
Epb41l1,-1.218277,-0.44984704,0.22311872557418333,1.0,p7,21,0.44984704,-0.0,False,not_significant
Mpped1,-1.218277,-1.49607,0.22311872557418333,1.0,p7,21,1.49607,-0.0,False,not_significant
Ankrd11,-1.2245406,-0.64858705,0.2207483453339103,1.0,p7,21,0.64858705,-0.0,False,not_significant
Slc6a11,-1.2621224,-1.350173,0.20690472837689033,1.0,p7,21,1.350173,-0.0,False,not_significant
Nrcam,-1.3122315,-2.3562424,0.18944202667454202,1.0,p7,21,2.3562424,-0.0,False,not_significant
Cd274,-1.3200611,-1.241314,0.18681462812749394,1.0,p7,21,1.241314,-0.0,False,not_significant
Bin1,-1.3435497,-0.47078186,0.17909404295231823,1.0,p7,21,0.47078186,-0.0,False,not_significant
Robo2,-1.4155815,-0.74656355,0.15689806907364373,1.0,p7,21,0.74656355,-0.0,False,not_significant
Snhg11,-1.4844815,-0.7053813,0.13768122981281428,1.0,p7,21,0.7053813,-0.0,False,not_significant
Slc1a2,-1.5142337,-0.53927565,0.12996656269721274,1.0,p7,21,0.53927565,-0.0,False,not_significant
Gphn,-1.5533814,-1.566285,0.12033202564350705,1.0,p7,21,1.566285,-0.0,False,not_significant
Calm1,-1.6160178,-0.52724135,0.1060904591501575,1.0,p7,21,0.52724135,-0.0,False,not_significant
Vcan,-1.6661268,-2.0437663,0.09568814057970576,1.0,p7,21,2.0437663,-0.0,False,not_significant
Dync1i1,-1.6755223,-1.2658272,0.09383178805402884,1.0,p7,21,1.2658272,-0.0,False,not_significant
Ccdc88a,-1.767911,-1.281288,0.07707578785312172,1.0,p7,21,1.281288,-0.0,False,not_significant
Ncam1,-1.7741746,-1.1614189,0.076034272690757,1.0,p7,21,1.1614189,-0.0,False,not_significant
Aqp4,-1.8054928,-0.98794216,0.07099760364915639,1.0,p7,21,0.98794216,-0.0,False,not_significant
Cacna1a,-1.922936,-1.6391269,0.05448809543467989,1.0,p7,21,1.6391269,-0.0,False,not_significant
Sparcl1,-1.938595,-0.6387496,0.05255066949452577,1.0,p7,21,0.6387496,-0.0,False,not_significant
Vim,-1.9511223,-3.5554898,0.051042499339623876,1.0,p7,21,3.5554898,-0.0,False,not_significant
Astn1,-1.9511223,-1.0936822,0.051042499339623876,1.0,p7,21,1.0936822,-0.0,False,not_significant
Diablo,-1.991836,-1.8722262,0.04638906313489447,1.0,p7,21,1.8722262,-0.0,False,not_significant
Dnajc27,-1.9980996,-2.0130568,0.045705867443643355,1.0,p7,21,2.0130568,-0.0,False,not_significant
Cacna2d1,-2.0857904,-1.051993,0.036997608883497596,1.0,p7,21,1.051993,-0.0,False,not_significant
Srgap3,-2.1139767,-0.96473986,0.0345172482665608,1.0,p7,21,0.96473986,-0.0,False,not_significant
Trp73,-2.1640859,-3.641387,0.03045775842671355,1.0,p7,21,3.641387,-0.0,False,not_significant
Huwe1,-2.3269403,-1.1448116,0.019968437762597737,1.0,p7,21,1.1448116,-0.0,False,not_significant
Atp1a2,-2.3613904,-0.99955016,0.018206553237628306,1.0,p7,21,0.99955016,-0.0,False,not_significant
Ubc,-5.7782035,-0.95148695,7.550255648827525e-09,7.2482454228744244e-06,p7,21,0.95148695,5.139767110033838,True,downregulated
