,Cluster_1,Cluster_10,Cluster_11,Cluster_12,Cluster_13,Cluster_15,Cluster_16,Cluster_17,Cluster_18,Cluster_19,Cluster_2,Cluster_20,Cluster_21,Cluster_22,Cluster_23,Cluster_3,Cluster_4,Cluster_5,Cluster_6,Cluster_7,Cluster_8,Cluster_9,Cluster_0.0,Cluster_0.1,Cluster_0.2,Cluster_0.3
Cluster_1,1.0,0.5372885224067591,0.5094606824876015,0.35197794144920996,0.1934685873191402,0.12463577124871836,0.21561174347585418,0.3672400840021436,0.13084025528149,0.443799831170436,0.2654561797999332,0.29109668698814234,0.32796181017823167,0.41779270720745104,0.336128767974579,0.41223671364603,0.2417548405714114,0.401991360320294,0.7288749495501624,0.3517789450898656,0.23784205773325554,0.34466744310261954,0.5119396196005681,0.31676924291724823,0.4589069115537148,0.3344998150940382
Cluster_10,0.5372885224067591,0.9999999999999998,0.43266300191410034,0.3332827440938762,0.18549000515737032,0.11460379706677142,0.12502402579017877,0.297926588425552,0.1391836026839967,0.3057988401710937,0.25615849184839784,0.13414586387825703,0.2058611859143579,0.283536058644957,0.20391809009402598,0.2596270230662621,0.17324245314128972,0.3806865243391803,0.4261720452298892,0.28757787505354176,0.2297072364394336,0.27750278978473597,0.40454182462516663,0.30304924245173104,0.37037038614779655,0.265689857061647
Cluster_11,0.5094606824876015,0.4326630019141004,1.0,0.15239232391096283,0.1433320816723771,0.047775385600664626,0.1353671705502745,0.3922756747556331,0.0751502511607523,0.4002458094340575,0.2226999863419522,0.2071891588586337,0.21609211412454954,0.38457988030749723,0.27082504881525377,0.25506223939889444,0.3808663993872045,0.30411684252721516,0.44093989561738756,0.2870704498301559,0.20578358262423702,0.4631538616386074,0.3222901506949027,0.24903562816885635,0.6180660342793782,0.20626189375570864
Cluster_12,0.35197794144920996,0.3332827440938762,0.15239232391096283,1.0,0.08758928250035052,0.0904526813584806,0.10684615402361719,0.1329055151050881,0.07347935567176606,0.15355476880836413,0.1293873159637432,0.07675742154422745,0.14010962285156367,0.13971484798092265,0.11493723358087918,0.2222054189679073,0.05362168566787162,0.21713136655544038,0.2534106892042934,0.15672280181751055,0.12790044301454234,0.11425337345601404,0.29110323953062217,0.16068628679358182,0.14808715905440756,0.18153966939628455
Cluster_13,0.19346858731914024,0.18549000515737032,0.14333208167237707,0.08758928250035053,0.9999999999999999,0.11622527058424958,0.02554152993870846,0.33592243756533224,0.05454621341950815,0.2704337585514726,0.6300238941837811,0.07420209369950567,0.1354622934362355,0.2022161554562313,0.15582254781275068,0.09075175222590783,0.12556120132072285,0.42705767830363867,0.179127891803495,0.4402264353258275,0.3960744127906726,0.31522586589935125,0.46609005363076383,0.5674370730926696,0.3408884907150588,0.4992938408030172
Cluster_15,0.12463577124871836,0.11460379706677143,0.047775385600664626,0.09045268135848059,0.11622527058424958,1.0,0.02404257193442559,0.08760939961872168,0.10508863188016489,0.08713159895944766,0.15516321669443928,0.038936835691809925,0.04271289613240591,0.0607921409911024,0.04958503255900653,0.1527089466553084,0.03120654840069215,0.15331305496527964,0.09097447954612682,0.13197809416385797,0.08896877262844087,0.06807679702914496,0.20722871715599187,0.186347916763505,0.09333321784358381,0.15594951821931927
Cluster_16,0.21561174347585418,0.12502402579017877,0.1353671705502745,0.10684615402361719,0.02554152993870846,0.024042571934425595,0.9999999999999998,0.06809273893137611,0.019859325984332956,0.07124225904025558,0.044784581913569856,0.0656295383234526,0.08186731914276038,0.08439978116743892,0.08506846073282551,0.1792538897590963,0.0288941220815191,0.08521773255591662,0.16250106037668532,0.08820482476704408,0.03490038971538056,0.05958343355169634,0.1682434262861141,0.05314148990780954,0.10877067134339122,0.10748604735918907
Cluster_17,0.3672400840021436,0.297926588425552,0.39227567475563313,0.1329055151050881,0.33592243756533224,0.08760939961872168,0.06809273893137611,1.0,0.08202873647017433,0.40025320856426566,0.456685154166162,0.12926344218478075,0.22322003679069152,0.3668599805406739,0.24132106985801685,0.19556127699843812,0.38755081891242554,0.4092231904421884,0.34433848538386924,0.4164975723673971,0.3915103312404673,0.5070282478094826,0.43774858048845433,0.46181065353339207,0.539582698360232,0.38091203019845105
Cluster_18,0.13084025528149,0.1391836026839967,0.0751502511607523,0.07347935567176606,0.05454621341950815,0.10508863188016487,0.019859325984332953,0.08202873647017433,1.0,0.07651162233715979,0.06466225138224752,0.046439436180157175,0.05987428284982509,0.08289184030181757,0.0751825491137849,0.12697898455460888,0.0413010528010042,0.09390888652883979,0.11513273957988628,0.06663758486999516,0.31219095606747,0.08233279226485496,0.10676319254741086,0.06587156485120507,0.08797313367151381,0.06503946738677652
Cluster_19,0.4437998311704359,0.30579884017109366,0.4002458094340575,0.15355476880836413,0.2704337585514726,0.08713159895944766,0.07124225904025556,0.4002532085642656,0.0765116223371598,1.0,0.39347191055903574,0.17337492380167616,0.23089911024911608,0.3792044610979758,0.2570783539222306,0.1996335184712215,0.338094035643589,0.33884221348789834,0.39891109095561644,0.39951585727096955,0.39299546222060394,0.566900047037195,0.3878540937727555,0.4006119166657236,0.555448740854661,0.32376491530735885
Cluster_2,0.2654561797999332,0.2561584918483979,0.22269998634195223,0.12938731596374317,0.6300238941837811,0.15516321669443925,0.044784581913569856,0.45668515416616207,0.0646622513822475,0.39347191055903574,1.0,0.06525206996654323,0.19613184379344195,0.28549378441469286,0.18135799047182133,0.13653311542670765,0.18319152963190163,0.5814242840824984,0.24812021382062255,0.6499388181122444,0.5684448246815608,0.45714765049486317,0.6510211903734885,0.8355907595880983,0.4929128373348469,0.6812888740348706
Cluster_20,0.29109668698814234,0.13414586387825703,0.2071891588586337,0.07675742154422745,0.07420209369950566,0.03893683569180993,0.0656295383234526,0.12926344218478072,0.046439436180157175,0.17337492380167616,0.06525206996654323,0.9999999999999998,0.12079480022197539,0.14642683659089664,0.15119918801211935,0.19947783537955815,0.08687573787381832,0.10453016404107499,0.25062729173644294,0.09010512996113092,0.062499926828014585,0.12728467550220351,0.12684052098844503,0.0705974637044026,0.17405612011577634,0.06902156427638532
Cluster_21,0.32796181017823167,0.2058611859143579,0.21609211412454954,0.14010962285156367,0.1354622934362355,0.04271289613240592,0.08186731914276038,0.22322003679069155,0.05987428284982509,0.23089911024911605,0.19613184379344192,0.12079480022197538,1.0,0.2260621265067623,0.12809025883863986,0.19302693173744323,0.2740644555346329,0.28820563260454385,0.27639353503171354,0.22632978851387342,0.17911736368832765,0.24661776914470782,0.2849739574113086,0.21512841153350215,0.274155844750381,0.20316093369504673
Cluster_22,0.417792707207451,0.283536058644957,0.38457988030749723,0.13971484798092262,0.2022161554562313,0.060792140991102396,0.08439978116743892,0.366859980540674,0.08289184030181758,0.3792044610979758,0.2854937844146928,0.14642683659089664,0.22606212650676233,1.0,0.20958169400839874,0.20991602349298707,0.3966754783678968,0.2777314650285957,0.3789770054619412,0.3052380207371875,0.2933103946457593,0.46983960021572413,0.3306784307950304,0.30107350177616354,0.464322593216251,0.26739068760104073
Cluster_23,0.336128767974579,0.20391809009402598,0.2708250488152538,0.11493723358087919,0.15582254781275068,0.04958503255900654,0.08506846073282551,0.24132106985801685,0.07518254911378489,0.2570783539222306,0.18135799047182133,0.15119918801211935,0.1280902588386399,0.20958169400839874,1.0,0.15260127525781492,0.20269390544846655,0.18756391082212512,0.2790691826982757,0.19049455545006724,0.1612993605621968,0.27025120454784984,0.22613160872587618,0.19656908178972451,0.3026303315537451,0.16797538144460644
Cluster_3,0.41223671364603,0.2596270230662621,0.2550622393988945,0.22220541896790727,0.09075175222590784,0.1527089466553084,0.1792538897590963,0.19556127699843812,0.12697898455460888,0.19963351847122146,0.13653311542670765,0.19947783537955813,0.1930269317374432,0.20991602349298707,0.15260127525781492,1.0,0.09622281683794374,0.19993764709507666,0.32755048202093445,0.18010976799439138,0.1171429895261815,0.18561247030045241,0.3188046438400231,0.16149312747515474,0.25626572223381977,0.1858030520848639
Cluster_4,0.24175484057141142,0.1732424531412897,0.3808663993872045,0.05362168566787162,0.12556120132072285,0.03120654840069215,0.028894122081519102,0.38755081891242554,0.0413010528010042,0.3380940356435889,0.18319152963190163,0.08687573787381832,0.2740644555346329,0.39667547836789674,0.20269390544846655,0.09622281683794376,1.0,0.1354630264140537,0.21860097342741872,0.2111215306193419,0.179199941780352,0.5967962858231209,0.1816367624581514,0.17245208566489265,0.4554479228606228,0.1454118096130183
Cluster_5,0.401991360320294,0.38068652433918027,0.30411684252721516,0.21713136655544038,0.4270576783036387,0.15331305496527964,0.08521773255591661,0.4092231904421884,0.09390888652883979,0.33884221348789834,0.5814242840824982,0.10453016404107499,0.2882056326045438,0.27773146502859575,0.18756391082212512,0.1999376470950767,0.1354630264140537,0.9999999999999999,0.32752101799142186,0.5497572971720331,0.4372911667937738,0.35765521655233456,0.7156572944879154,0.6483311821003461,0.4425130571835484,0.5865191032268756
Cluster_6,0.7288749495501624,0.4261720452298892,0.44093989561738756,0.2534106892042934,0.179127891803495,0.09097447954612682,0.16250106037668535,0.34433848538386924,0.11513273957988626,0.39891109095561644,0.24812021382062252,0.25062729173644294,0.2763935350317135,0.3789770054619412,0.2790691826982757,0.32755048202093445,0.21860097342741872,0.32752101799142186,0.9999999999999998,0.30559613933647967,0.23274480220328417,0.3499412338867177,0.4107192060562695,0.2858214873810938,0.42454671524199195,0.278696496500319
Cluster_7,0.35177894508986557,0.2875778750535417,0.2870704498301559,0.15672280181751055,0.4402264353258275,0.13197809416385797,0.0882048247670441,0.41649757236739704,0.06663758486999516,0.3995158572709695,0.6499388181122444,0.09010512996113092,0.22632978851387342,0.3052380207371875,0.19049455545006727,0.18010976799439138,0.21112153061934186,0.549757297172033,0.30559613933647967,1.0,0.47077214155271657,0.489161382531373,0.6411732509585795,0.6843029695766971,0.5032928421346209,0.6101414431847948
Cluster_8,0.23784205773325554,0.22970723643943358,0.20578358262423704,0.12790044301454237,0.3960744127906726,0.08896877262844086,0.03490038971538056,0.3915103312404673,0.31219095606746994,0.392995462220604,0.5684448246815609,0.06249992682801459,0.17911736368832767,0.29331039464575925,0.1612993605621968,0.1171429895261815,0.17919994178035198,0.4372911667937737,0.23274480220328417,0.4707721415527166,1.0,0.5410421702314792,0.49564420869077086,0.571054353232729,0.5293061119787202,0.47218323579550026
Cluster_9,0.34466744310261954,0.277502789784736,0.4631538616386074,0.11425337345601402,0.31522586589935125,0.06807679702914496,0.05958343355169634,0.5070282478094826,0.08233279226485496,0.5669000470371951,0.45714765049486317,0.12728467550220351,0.24661776914470782,0.46983960021572413,0.27025120454784984,0.18561247030045244,0.5967962858231209,0.35765521655233456,0.3499412338867177,0.48916138253137303,0.541042170231479,1.0,0.41375433440385406,0.4524020334660307,0.7303903369813725,0.36314674355656423
Cluster_0.0,0.5119396196005681,0.40454182462516663,0.3222901506949027,0.2911032395306221,0.46609005363076383,0.20722871715599187,0.1682434262861141,0.43774858048845433,0.10676319254741089,0.3878540937727555,0.6510211903734885,0.12684052098844503,0.2849739574113086,0.3306784307950304,0.22613160872587618,0.31880464384002316,0.18163676245815139,0.7156572944879154,0.41071920605626955,0.6411732509585795,0.49564420869077086,0.4137543344038541,1.0,0.7381054350756828,0.5043421018170712,0.7835527989555668
Cluster_0.1,0.31676924291724823,0.30304924245173104,0.24903562816885635,0.1606862867935818,0.5674370730926694,0.186347916763505,0.05314148990780954,0.46181065353339207,0.06587156485120507,0.4006119166657236,0.8355907595880981,0.0705974637044026,0.21512841153350218,0.30107350177616354,0.19656908178972451,0.16149312747515474,0.17245208566489265,0.648331182100346,0.28582148738109375,0.684302969576697,0.571054353232729,0.45240203346603064,0.7381054350756828,1.0,0.5416754587852683,0.7265402883792321
Cluster_0.2,0.4589069115537149,0.37037038614779655,0.6180660342793782,0.14808715905440756,0.3408884907150587,0.09333321784358381,0.1087706713433912,0.539582698360232,0.0879731336715138,0.555448740854661,0.49291283733484687,0.17405612011577634,0.274155844750381,0.464322593216251,0.3026303315537451,0.25626572223381977,0.4554479228606228,0.4425130571835484,0.4245467152419919,0.5032928421346209,0.5293061119787204,0.7303903369813725,0.5043421018170712,0.5416754587852683,1.0,0.4276730683829282
Cluster_0.3,0.3344998150940382,0.26568985706164694,0.20626189375570864,0.18153966939628452,0.49929384080301725,0.15594951821931927,0.10748604735918907,0.38091203019845105,0.06503946738677653,0.32376491530735885,0.6812888740348706,0.06902156427638532,0.20316093369504673,0.26739068760104073,0.16797538144460644,0.1858030520848639,0.1454118096130183,0.5865191032268755,0.278696496500319,0.6101414431847948,0.4721832357955003,0.36314674355656423,0.7835527989555668,0.7265402883792322,0.4276730683829282,1.0
