names,scores,logfoldchanges,pvals,pvals_adj,group,sample_id
Gria2,36.632553,2.0045514,8.67648051994255e-294,8.329421299144849e-291,1,p0_R5p_mut
Nrp1,32.296852,3.1908631,7.744534354644896e-229,3.71737649022955e-226,1,p0_R5p_mut
Zbtb20,30.88153,1.6293702,2.1145213539820598e-209,6.76646833274259e-207,1,p0_R5p_mut
Gria1,28.80651,1.6956708,1.7777232680280506e-182,4.266535843267322e-180,1,p0_R5p_mut
Epha4,25.408958,2.685394,2.007809875429044e-142,3.854994960823765e-140,1,p0_R5p_mut
Neurod2,22.638968,2.655464,1.7918998058787536e-113,2.8670396894060054e-111,1,p0_R5p_mut
Grik2,22.316702,1.5303602,2.5438033455101397e-110,3.4886445881281916e-108,1,p0_R5p_mut
Neurod6,21.49319,3.148678,1.802857700073999e-102,2.1634292400887986e-100,1,p0_R5p_mut
Foxg1,14.9021,1.4191524,3.1938231944275593e-50,2.78733660604587e-48,1,p0_R5p_mut
Atp1a3,14.804353,0.9596469,1.3730143769066157e-49,1.01391830910027e-47,1,p0_R5p_mut
Neo1,13.847661,1.4777155,1.3142184147539515e-43,9.011783415455668e-42,1,p0_R5p_mut
Nfib,13.504063,0.6950482,1.4798516120359525e-41,9.036275578783077e-40,1,p0_R5p_mut
Ptprs,13.50277,0.772401,1.5060459297971796e-41,9.036275578783077e-40,1,p0_R5p_mut
Hcn1,12.895142,3.5741408,4.793841150885849e-38,2.7071102969708326e-36,1,p0_R5p_mut
Stxbp1,12.713885,0.75191325,4.9511954889567155e-37,2.501656668104446e-35,1,p0_R5p_mut
Grin2a,12.181497,3.6704736,3.900577563213495e-34,1.7020702094022525e-32,1,p0_R5p_mut
Sox11,11.168735,1.0678753,5.800103847482787e-29,2.22723987743339e-27,1,p0_R5p_mut
Nectin3,10.719008,2.8896358,8.28872428107995e-27,3.0604520422449046e-25,1,p0_R5p_mut
Crmp1,10.5750265,1.3153871,3.890665203096366e-26,1.3833476277675968e-24,1,p0_R5p_mut
Cadm1,9.932906,0.65176433,2.9939910805754056e-23,9.911142887422033e-22,1,p0_R5p_mut
Srgap3,9.718682,0.83270824,2.510089736364447e-22,8.03228715636623e-21,1,p0_R5p_mut
Camk2b,9.178437,2.3828301,4.3739170211959124e-20,1.2724122243479016e-18,1,p0_R5p_mut
Nrp2,9.141496,2.6409023,6.159449129384125e-20,1.7391385777084586e-18,1,p0_R5p_mut
Robo1,8.915292,0.93893456,4.865337484424395e-19,1.3344925671564053e-17,1,p0_R5p_mut
Sptan1,8.046935,0.6062338,8.489305899702394e-16,2.144666753609026e-14,1,p0_R5p_mut
Cacna2d1,8.04093,1.0931984,8.915967338048208e-16,2.1946996524426357e-14,1,p0_R5p_mut
Calm1,7.989659,0.8297478,1.3531249648099566e-15,3.247499915543896e-14,1,p0_R5p_mut
Tubb3,7.961565,1.1603819,1.6987654806833687e-15,3.977597223063497e-14,1,p0_R5p_mut
Stmn2,7.756945,0.93867886,8.699958137611249e-15,1.9885618600254282e-13,1,p0_R5p_mut
Gabra5,7.4839644,2.4602282,7.211340531328873e-14,1.5384193133501595e-12,1,p0_R5p_mut
Dnm1,7.4462614,0.7108858,9.602258006758508e-14,2.0039494970626448e-12,1,p0_R5p_mut
Neurod1,7.341672,2.07231,2.1094160493931917e-13,4.3085944838669445e-12,1,p0_R5p_mut
Epb41l1,7.2499585,0.9596841,4.1689999680938315e-13,8.337999936187663e-12,1,p0_R5p_mut
Grin1,7.109913,1.191632,1.1611635031802438e-12,2.274932577659253e-11,1,p0_R5p_mut
Nr4a3,7.087637,3.5124986,1.36421086005996e-12,2.619284851315123e-11,1,p0_R5p_mut
Gabra2,6.994797,2.8989222,2.656429456878799e-12,4.9041774588531674e-11,1,p0_R5p_mut
Ncam1,6.906821,0.57889646,4.95634882280314e-12,8.728891848115231e-11,1,p0_R5p_mut
Nlgn2,6.9066334,0.4297085,4.9629075898789215e-12,8.728891848115231e-11,1,p0_R5p_mut
Slitrk1,6.794585,1.4014115,1.0862474895370432e-11,1.862138553492074e-10,1,p0_R5p_mut
Srgap1,6.71151,0.6987548,1.9262052766016935e-11,3.134164517860383e-10,1,p0_R5p_mut
Astn1,6.566826,0.765843,5.139905483756656e-11,7.958563329687724e-10,1,p0_R5p_mut
Grin2b,6.5318255,2.0252798,6.497291178947253e-11,9.900634177443433e-10,1,p0_R5p_mut
Sox4,6.4930015,0.7966545,8.414300221900342e-11,1.2621450332850512e-09,1,p0_R5p_mut
Bin1,6.3954797,0.47927797,1.6004395285953232e-10,2.3637260730023237e-09,1,p0_R5p_mut
Gabbr2,6.368448,1.4782838,1.909507726526707e-10,2.7774657840388464e-09,1,p0_R5p_mut
Plcb1,6.302656,0.8973155,2.92587877698701e-10,4.070787863634101e-09,1,p0_R5p_mut
Flna,6.253005,0.45216447,4.026289781468251e-10,5.443997450999325e-09,1,p0_R5p_mut
Dcx,6.051211,1.507414,1.4376098629523633e-09,1.910239069393062e-08,1,p0_R5p_mut
Lamb1,5.944686,0.9701589,2.769871374698531e-09,3.498784894356039e-08,1,p0_R5p_mut
Limk1,5.8495617,0.81367195,4.928699737186658e-09,6.066091984229733e-08,1,p0_R5p_mut
Fabp7,18.217493,3.730731,3.749481343973854e-74,1.7997510451074497e-71,6,p0_R5p_mut
Ptprz1,16.60178,3.787687,6.7654711445552755e-62,1.6237130746932662e-59,6,p0_R5p_mut
Sox9,16.412773,3.7242627,1.549630368799039e-60,2.975290308094155e-58,6,p0_R5p_mut
Atp1a2,15.595038,2.5458038,7.867593268748726e-55,1.258814922999796e-52,6,p0_R5p_mut
Slc1a2,13.772839,3.4639537,3.71332804653269e-43,4.455993655839228e-41,6,p0_R5p_mut
Pou3f3,13.16971,1.4495807,1.3109994725767741e-39,1.2585594936737033e-37,6,p0_R5p_mut
Pax6,12.661236,2.60787,9.696080506233301e-37,8.462033896349063e-35,6,p0_R5p_mut
Chd7,12.603243,1.6058387,2.0263946526001257e-36,1.6211157220801006e-34,6,p0_R5p_mut
Ccdc80,12.239703,4.36477,1.9072959712657342e-34,1.4084647172423882e-32,6,p0_R5p_mut
Ccnd2,11.089936,2.1161406,1.4038714226656124e-28,8.984777105059919e-27,6,p0_R5p_mut
Vim,10.807796,2.3247864,3.1617564326062594e-27,1.8970538595637558e-25,6,p0_R5p_mut
Mfge8,10.797613,3.8529644,3.5326861370177854e-27,1.9949286420806319e-25,6,p0_R5p_mut
Id4,10.66074,3.6630116,1.5535633188114565e-26,8.285671033661102e-25,6,p0_R5p_mut
Nfib,10.379217,0.7606157,3.0829371479323473e-25,1.5576945589552915e-23,6,p0_R5p_mut
Msi2,10.274446,2.6791737,9.187153542335094e-25,4.409833700320845e-23,6,p0_R5p_mut
Sox2,10.085178,2.3477683,6.4248423969513065e-24,2.937070810034883e-22,6,p0_R5p_mut
Slc1a3,9.107507,3.9217336,8.429676587269639e-20,3.450795637712423e-18,6,p0_R5p_mut
Gfap,9.104996,4.103345,8.626989094281058e-20,3.450795637712423e-18,6,p0_R5p_mut
Htra1,8.781416,3.4376655,1.6142941178410156e-18,6.198889412509499e-17,6,p0_R5p_mut
Nfia,8.43504,1.1436598,3.3108876660232195e-17,1.1351614854936753e-15,6,p0_R5p_mut
Grm3,7.6999316,2.4163256,1.3613895157539869e-14,4.215915919754281e-13,6,p0_R5p_mut
Cdh2,7.5021644,0.82481647,6.277268379666842e-14,1.826114437721263e-12,6,p0_R5p_mut
Vcan,7.217228,1.349152,5.30580853173372e-13,1.498110644254227e-11,6,p0_R5p_mut
Gli3,6.9225473,3.652349,4.435940540232702e-12,1.1829174773953873e-10,6,p0_R5p_mut
Zbtb20,6.1095505,0.49278083,9.991206701860115e-10,2.3978896084464275e-08,6,p0_R5p_mut
Sall1,6.038481,2.94676,1.5557167133064838e-09,3.6426537677420106e-08,6,p0_R5p_mut
Cdh4,5.8762197,1.7867736,4.197408212490398e-09,9.370957869746005e-08,6,p0_R5p_mut
Sparcl1,5.8658257,0.8389815,4.469034347141567e-09,9.75062039376342e-08,6,p0_R5p_mut
Ptprj,5.7975435,1.0663897,6.729331162516914e-09,1.4043821556557037e-07,6,p0_R5p_mut
Gnao1,5.774748,1.4398377,7.706849897488973e-09,1.5741650854445563e-07,6,p0_R5p_mut
Hes5,5.689269,4.9222164,1.2758423277979944e-08,2.4996094585430095e-07,6,p0_R5p_mut
Idh2,5.4613266,1.4782561,4.725899540416778e-08,9.073727117600214e-07,6,p0_R5p_mut
Axin2,5.348566,1.4550866,8.865380532384514e-08,1.6366856367479103e-06,6,p0_R5p_mut
Fzd3,5.176943,1.4838295,2.255514610915186e-07,3.936898229961053e-06,6,p0_R5p_mut
Gnai2,4.972462,1.7113786,6.610781812802014e-07,1.113394831629813e-05,6,p0_R5p_mut
Slc6a11,4.919288,1.3683149,8.685950954133628e-07,1.4133072738929294e-05,6,p0_R5p_mut
Chd2,4.776182,0.7658242,1.7865471579885417e-06,2.8584754527816667e-05,6,p0_R5p_mut
Bcl2,4.672881,3.5776908,2.9700349098429742e-06,4.5987637313697664e-05,6,p0_R5p_mut
Sox1,4.6045585,1.5196363,4.133416137442809e-06,6.298538876103327e-05,6,p0_R5p_mut
Clu,4.574359,2.866905,4.776798813976576e-06,7.054964402180789e-05,6,p0_R5p_mut
Tnfrsf19,4.5504336,2.4895165,5.35354796625463e-06,7.670755294932008e-05,6,p0_R5p_mut
Tead1,4.400907,1.205435,1.077992309005872e-05,0.000147838945235091,6,p0_R5p_mut
Pou3f2,4.325636,1.9875703,1.5209236242000164e-05,0.00020564601115943883,6,p0_R5p_mut
Draxin,4.2422867,1.3369216,2.2125369626012983e-05,0.0002950049283468398,6,p0_R5p_mut
Glul,4.195939,1.7194142,2.717431242762725e-05,0.0003525316206827319,6,p0_R5p_mut
Ptch1,3.981162,2.3657238,6.857915770713368e-05,0.0008440511717801068,6,p0_R5p_mut
Rgma,3.842599,2.5584717,0.00012173835847297394,0.0014793522042285442,6,p0_R5p_mut
Ubc,3.7008662,0.18097487,0.00021486483240528844,0.0025783779888634614,6,p0_R5p_mut
Atp1b2,3.6299915,2.3828406,0.0002834304288400777,0.0032392049010294597,6,p0_R5p_mut
Apoe,3.6219134,1.7169479,0.0002924319147105687,0.0033027604484958343,6,p0_R5p_mut
Erbb4,18.815163,5.5544415,5.673330629265603e-79,5.446397404094979e-76,4,p0_R5p_mut
Gria1,15.981764,1.8678099,1.712316250900049e-57,8.219118004320235e-55,4,p0_R5p_mut
Sox1,11.29909,4.557985,1.32583918498972e-29,2.545611235180262e-27,4,p0_R5p_mut
Trpc4,10.735796,3.3285766,6.912098756583565e-27,1.1059358010533704e-24,4,p0_R5p_mut
Sox2,10.343838,3.1262376,4.462989492436701e-25,6.12067130391319e-23,4,p0_R5p_mut
Cux2,10.275984,3.8140607,9.041739827173808e-25,1.085008779260857e-22,4,p0_R5p_mut
Atp1a3,9.633636,1.2398221,5.765204452198206e-22,6.149551415678087e-20,4,p0_R5p_mut
Grik1,8.276751,4.4068317,1.2658227867772016e-16,1.2151898753061136e-14,4,p0_R5p_mut
Cadm1,8.1759815,1.1728023,2.9346587863146326e-16,2.347727029051706e-14,4,p0_R5p_mut
Nxph1,7.787798,5.101367,6.8187236894362995e-15,4.814243182569554e-13,4,p0_R5p_mut
Dlx1,7.147826,5.9141693,8.816276801602786e-13,5.289766080961672e-11,4,p0_R5p_mut
Lhx6,6.62998,5.241356,3.3573249484608513e-11,1.895901147366128e-09,4,p0_R5p_mut
Robo1,6.1506824,1.2703861,7.715017695949374e-10,3.8981142042691575e-08,4,p0_R5p_mut
Dnm1,5.3135653,1.0658045,1.0750096600610573e-07,4.690951243902796e-06,4,p0_R5p_mut
Gad1,5.265279,4.1940064,1.3997689490225187e-07,5.842513874180947e-06,4,p0_R5p_mut
Gng2,5.1486135,1.2483431,2.624188508389999e-07,1.0496754033559996e-05,4,p0_R5p_mut
Snhg11,4.7731075,1.9537446,1.8140478448310188e-06,6.965943724151112e-05,4,p0_R5p_mut
Stxbp1,4.7495813,0.56829345,2.038382311167987e-06,7.24758155081951e-05,4,p0_R5p_mut
Kcnc2,4.528374,5.187865,5.943923186166869e-06,0.0001902055419573398,4,p0_R5p_mut
Ptprm,4.4992027,1.4655398,6.820874301834021e-06,0.00019857903809499956,4,p0_R5p_mut
Ncam1,4.499038,0.85831946,6.826154434515611e-06,0.00019857903809499956,4,p0_R5p_mut
Grik3,4.2912397,2.2773046,1.776784199369241e-05,0.0005016802445277857,4,p0_R5p_mut
Cacnb4,4.233216,1.7096404,2.303734368479451e-05,0.0006318814267829351,4,p0_R5p_mut
Epha7,4.1657214,1.6520132,3.1036953407534445e-05,0.0008276520908675853,4,p0_R5p_mut
Nrxn3,4.0929627,3.8544838,4.258964995564557e-05,0.001105028755605939,4,p0_R5p_mut
Tet2,3.8484964,0.6847946,0.00011884496886695138,0.003002399213480877,4,p0_R5p_mut
Nlgn2,3.7245412,0.56516653,0.00019567073126246676,0.004696097550299203,4,p0_R5p_mut
Dlx2,3.7056215,4.6614075,0.0002108730413224582,0.004937515113891704,4,p0_R5p_mut
Gabbr1,3.5660882,0.50019515,0.00036234948973610083,0.008089663026666437,4,p0_R5p_mut
Epha3,3.357837,1.8839936,0.0007855490082342987,0.017139251088748336,4,p0_R5p_mut
Epb41l1,3.3464954,0.89007187,0.0008184000946477319,0.017459202019151614,4,p0_R5p_mut
Cnr1,3.3262904,1.2323624,0.0008801017773652675,0.01836734144066645,4,p0_R5p_mut
Npy,3.267413,4.2608933,0.0010853524834569341,0.02126404865548279,4,p0_R5p_mut
Prkca,3.2056358,1.0402148,0.0013476445233557347,0.025874774848430104,4,p0_R5p_mut
Cplx2,3.1781096,1.2672564,0.0014823871976388633,0.02734826318929615,4,p0_R5p_mut
Ccdc88a,3.1727831,0.6835462,0.0015098520302423916,0.02734826318929615,4,p0_R5p_mut
Stmn2,3.1597552,0.7478987,0.0015790167377406144,0.028071408670944254,4,p0_R5p_mut
Gad2,3.0774028,5.072165,0.002088128294370183,0.03418701235196259,4,p0_R5p_mut
Nrcam,3.0758915,1.0001295,0.002098742622498247,0.03418701235196259,4,p0_R5p_mut
Cacna1b,2.8605556,1.3494027,0.004228992935376928,0.06548118093486856,4,p0_R5p_mut
Slc32a1,2.8459547,4.8440003,0.004427851441530438,0.06738271986177864,4,p0_R5p_mut
Mpped1,2.8210607,1.5963868,0.004786515109580259,0.07069314623380075,4,p0_R5p_mut
Negr1,2.7674067,1.4005171,0.005650422197127611,0.08218795923094706,4,p0_R5p_mut
Plxna4,2.7608361,1.0084248,0.0057653590795540685,0.08260813009510307,4,p0_R5p_mut
Map2,2.71293,0.9365723,0.006669117721328651,0.09146218589250721,4,p0_R5p_mut
Trpc6,2.693671,4.3389554,0.007066988639254423,0.09307343837310991,4,p0_R5p_mut
Chd6,2.6331072,0.43871275,0.00846076459673486,0.1082977868382062,4,p0_R5p_mut
Dlgap1,2.5924811,1.2582754,0.009528642168880415,0.12036179581743683,4,p0_R5p_mut
Gnao1,2.431622,0.81913173,0.015031388000866964,0.1803766560104036,4,p0_R5p_mut
Syt6,2.4259357,2.3863719,0.015268974469698323,0.1809656233445727,4,p0_R5p_mut
Cenpf,19.718231,7.6096344,1.5039722756923018e-86,1.4438133846646097e-83,11,p0_R5p_mut
Top2a,18.122171,7.139691,2.1301796224129284e-73,1.0224862187582056e-70,11,p0_R5p_mut
Mki67,16.474207,6.5472927,5.6221794420324035e-61,1.799097421450369e-58,11,p0_R5p_mut
Chd7,11.192244,2.2289789,4.450284844368672e-29,7.120455750989875e-27,11,p0_R5p_mut
Pax6,8.272152,2.1553998,1.315624826971901e-16,1.4155055190583705e-14,11,p0_R5p_mut
Nfib,7.149066,0.77249646,8.737038407077023e-13,8.387556870793942e-11,11,p0_R5p_mut
Sox9,6.5478177,2.0571048,5.838383660775693e-11,4.3114217802651276e-09,11,p0_R5p_mut
Cenpe,5.413396,5.3694897,6.184053126639167e-08,3.3474510835472157e-06,11,p0_R5p_mut
Ccdc80,5.3493814,2.550941,8.825537864129328e-08,4.459219131349555e-06,11,p0_R5p_mut
Nfia,5.211139,1.0065749,1.876843583960809e-07,9.008849203011883e-06,11,p0_R5p_mut
Vim,4.9937096,1.3754284,5.923038096751787e-07,2.584598442218962e-05,11,p0_R5p_mut
Lmnb1,4.832223,2.0449154,1.3501707405371019e-06,5.6354952648505115e-05,11,p0_R5p_mut
Pou3f3,4.3589687,0.70177466,1.3067673077227236e-05,0.0005017986461655258,11,p0_R5p_mut
Ccnd2,4.305214,1.1931722,1.668244733024859e-05,0.0005931536828532833,11,p0_R5p_mut
Syne2,4.142124,1.2055492,3.441040036304482e-05,0.0011391029085697595,11,p0_R5p_mut
Sox2,4.0252085,1.4288265,5.6924823978822956e-05,0.0018215943673223346,11,p0_R5p_mut
Mfge8,3.953204,1.9248579,7.711165989450911e-05,0.0023133497968352732,11,p0_R5p_mut
Ptprz1,3.9124813,1.4036027,9.135264497489137e-05,0.002657531490178658,11,p0_R5p_mut
Slc1a2,3.7116168,1.3543463,0.00020593961327227333,0.005648629392610925,11,p0_R5p_mut
Chd2,3.5863135,0.8169252,0.0003353858473969247,0.008943622597251327,11,p0_R5p_mut
Slc1a3,3.5329094,2.178221,0.0004110132387819028,0.010664127276503423,11,p0_R5p_mut
Axin2,3.444059,1.2383525,0.0005730510513085866,0.01343637113535867,11,p0_R5p_mut
Ankrd11,3.3524706,0.68620205,0.0008009371707291122,0.017881387997673203,11,p0_R5p_mut
Idh2,3.251547,1.203869,0.0011477873696805166,0.025018429523579595,11,p0_R5p_mut
Draxin,3.2129886,1.28398,0.0013136147431358017,0.02741456855239934,11,p0_R5p_mut
Tead1,3.1237519,1.0828635,0.0017856090207377163,0.036472014040600166,11,p0_R5p_mut
Atp1a2,3.0516186,0.62900805,0.0022761111078287402,0.04459319721460389,11,p0_R5p_mut
Huwe1,2.9449978,0.5558997,0.0032295691958526295,0.06079189074546126,11,p0_R5p_mut
Gli3,2.8580425,2.2818844,0.004262634667122078,0.0772099864233433,11,p0_R5p_mut
Sall1,2.841442,1.9725736,0.004491000581304291,0.07984001033429851,11,p0_R5p_mut
Fzd3,2.7066162,1.2266483,0.006797281198760538,0.10875649918016861,11,p0_R5p_mut
Egfr,2.6851375,2.5781205,0.007249996915723017,0.11053803183284176,11,p0_R5p_mut
Grm3,2.482413,1.2216042,0.01304959258302087,0.19273244430307748,11,p0_R5p_mut
Prox1,2.4711006,1.5361315,0.013469796062264656,0.19592430636021316,11,p0_R5p_mut
Sall3,2.461344,2.8268402,0.013841762196871034,0.19832972699994317,11,p0_R5p_mut
Cdh4,2.4522774,1.226203,0.014195514192695284,0.20040725919099225,11,p0_R5p_mut
Fabp7,2.4229257,0.8704989,0.015396071620823572,0.21201066585779257,11,p0_R5p_mut
Tnfrsf19,2.4170766,1.946614,0.015645728491006657,0.21201066585779257,11,p0_R5p_mut
Sox1,2.416281,1.3009824,0.015679955495732575,0.21201066585779257,11,p0_R5p_mut
Ccna2,2.3771143,3.4879913,0.01744868566629853,0.23264914221731373,11,p0_R5p_mut
Lef1,2.3594143,1.0531605,0.018303810415613655,0.2358237998147832,11,p0_R5p_mut
Pou3f2,2.343235,1.650134,0.01911733083051814,0.2383459428220443,11,p0_R5p_mut
Nfix,2.284017,0.72246754,0.02237053343137081,0.27386437232505056,11,p0_R5p_mut
Chd6,2.2811975,0.51063687,0.022536755639248954,0.27386437232505056,11,p0_R5p_mut
Id4,2.2521617,1.3951123,0.02431205100904268,0.29068373625600813,11,p0_R5p_mut
Cdh2,2.2303205,0.37714338,0.02572617050299077,0.3011844351569651,11,p0_R5p_mut
Skp2,2.1356206,2.9356253,0.03271034917058481,0.36943453180895786,11,p0_R5p_mut
Htra1,2.0001044,1.2184037,0.04548899231506128,0.4798838749720751,11,p0_R5p_mut
Cdkn2c,1.9622595,2.293062,0.049732277125705056,0.5116974630292818,11,p0_R5p_mut
Gnai2,1.9590775,1.131733,0.050103709921617175,0.5116974630292818,11,p0_R5p_mut
Sparcl1,27.15838,4.968159,2.0160570918298337e-162,1.9354148081566403e-159,8,p0_R5p_mut
Cdh5,23.634604,8.06733,1.6996951458522032e-123,8.158536700090575e-121,8,p0_R5p_mut
Cldn5,21.812452,9.569718,1.7674105734116003e-105,5.65571383491712e-103,8,p0_R5p_mut
Ubc,19.871704,1.5436481,7.153387984362767e-88,1.716813116247064e-85,8,p0_R5p_mut
Apcdd1,19.0365,6.276629,8.502221334493208e-81,1.632426496222696e-78,8,p0_R5p_mut
Ptprm,14.3512535,4.335407,1.0462857101611617e-46,1.255542852193394e-44,8,p0_R5p_mut
Vim,11.429806,3.0012832,2.96770746076432e-30,2.374165968611456e-28,8,p0_R5p_mut
Trim25,10.177039,6.1394877,2.51086137015126e-24,1.7217335109608641e-22,8,p0_R5p_mut
Mpzl1,9.505203,3.4170623,1.996577034025366e-21,1.2778093017762342e-19,8,p0_R5p_mut
Igf1r,8.484828,1.876842,2.1603735944383377e-17,1.1521992503671134e-15,8,p0_R5p_mut
Ccdc141,8.399311,6.0570855,4.491048404013045e-17,2.269161298869749e-15,8,p0_R5p_mut
Pecam1,8.11478,6.680405,4.866647399733151e-16,2.3359907518719128e-14,8,p0_R5p_mut
Sema7a,8.091114,3.8663218,5.912124176900192e-16,2.7026853380115165e-14,8,p0_R5p_mut
Atp1a2,8.065218,2.0067532,7.310542192856062e-16,3.190054775064464e-14,8,p0_R5p_mut
Lef1,7.541108,3.2285001,4.6599411033265933e-14,1.7894173836774118e-12,8,p0_R5p_mut
Cd34,6.879713,7.021395,5.997333460967255e-12,1.9853241801822635e-10,8,p0_R5p_mut
Gnai2,6.7723174,2.7414215,1.2673582429702041e-11,4.055546377504653e-10,8,p0_R5p_mut
Sema6d,6.3788004,2.187974,1.7848021176267545e-10,5.039441273299072e-09,8,p0_R5p_mut
Lamb1,6.184224,2.1729195,6.240870522919916e-10,1.7117816291437484e-08,8,p0_R5p_mut
Cobll1,6.163812,4.951171,7.101411801575157e-10,1.8937098137533753e-08,8,p0_R5p_mut
Lrp8,5.9051533,1.842639,3.5231897058802926e-09,8.90068978327653e-08,8,p0_R5p_mut
Ptprb,5.763874,5.319114,8.220486928065437e-09,1.972916862735705e-07,8,p0_R5p_mut
Kit,5.4584503,1.7584112,4.803079987682819e-08,1.1246236068720747e-06,8,p0_R5p_mut
Axin2,5.1431537,1.7109014,2.7016412198452185e-07,6.031571095468395e-06,8,p0_R5p_mut
Itgb1,4.99496,2.2208145,5.884807907326796e-07,1.228133824137766e-05,8,p0_R5p_mut
Pdgfrb,4.982116,5.1594505,6.289270087696183e-07,1.2846168689762417e-05,8,p0_R5p_mut
Rgs3,4.588094,2.1621056,4.473111828832221e-06,8.588374711357864e-05,8,p0_R5p_mut
Rgs4,4.4875026,2.7967153,7.206301400576916e-06,0.00013052923291611017,8,p0_R5p_mut
Slc38a2,4.162826,2.7717304,3.143330971422575e-05,0.0005202754711320125,8,p0_R5p_mut
Gnas,4.0599785,1.352894,4.907722327628858e-05,0.0007985446499192719,8,p0_R5p_mut
Arhgef12,4.003674,1.6220492,6.236633199302725e-05,0.000997861311888436,8,p0_R5p_mut
Efna1,3.8909411,2.8710167,9.985614086567008e-05,0.0015461596005006979,8,p0_R5p_mut
Itga4,3.8669672,4.8346004,0.00011019719598430507,0.001652957939764576,8,p0_R5p_mut
Glul,3.8534088,2.0050566,0.00011648465685517555,0.001706910170764376,8,p0_R5p_mut
Syne2,3.8515968,0.9602604,0.00011735007424005085,0.001706910170764376,8,p0_R5p_mut
Sptan1,3.7324178,0.6226503,0.00018965060285895357,0.0026774202756558152,8,p0_R5p_mut
Laptm5,3.7267232,2.4063373,0.00019398527316040842,0.0026989255396230737,8,p0_R5p_mut
Ccnd2,3.7191305,1.2936555,0.00019990977733637651,0.002741619803470306,8,p0_R5p_mut
Top2a,3.6544318,1.9880831,0.00025775213702812743,0.0034366951603750327,8,p0_R5p_mut
Bmpr2,3.6215217,1.3218504,0.00029287525958487026,0.0038515102630339105,8,p0_R5p_mut
Prex2,3.5367072,3.6671956,0.0004051486119059324,0.005185902232395935,8,p0_R5p_mut
Rhob,3.4744368,2.2307436,0.0005119270862566993,0.006466447405347781,8,p0_R5p_mut
Il1r1,3.1944046,5.5714083,0.001401195748690305,0.01601366569931777,8,p0_R5p_mut
Srgap1,3.1906822,0.732052,0.0014193731092991045,0.01603056688149577,8,p0_R5p_mut
Cenpf,2.9471347,1.2649282,0.003207333878072619,0.03459596093201926,8,p0_R5p_mut
Rapgef2,2.8464322,0.9912409,0.0044212146768507305,0.04613441401931197,8,p0_R5p_mut
Csf1,2.5799956,3.3493185,0.009880159095166841,0.0929897326603938,8,p0_R5p_mut
Acsl1,2.4426973,1.616885,0.014577956663095738,0.1320267773261501,8,p0_R5p_mut
Slc38a3,2.437163,3.0307367,0.01480300401895758,0.1328119986747596,8,p0_R5p_mut
Shank3,2.3520403,2.454532,0.01867074869532314,0.16388118532463186,8,p0_R5p_mut
Reln,13.756735,9.250085,4.640173325466142e-43,4.4545663924474965e-40,16,p0_R5p_mut
Chd7,13.554602,2.8610764,7.441490593332356e-42,3.571915484799531e-39,16,p0_R5p_mut
Nhlh2,11.117311,9.191573,1.0334010727557587e-28,3.3068834328184277e-26,16,p0_R5p_mut
Nfib,10.197077,1.1694489,2.043291855466359e-24,4.903900453119262e-22,16,p0_R5p_mut
Bin1,9.031509,2.1241395,1.693203037801557e-19,3.2509498325789895e-17,16,p0_R5p_mut
Ptprs,7.8749776,1.0575387,3.4080384311530334e-15,3.635240993229902e-13,16,p0_R5p_mut
Cacna2d1,7.2300863,2.150316,4.826874590450661e-13,4.6337996068326345e-11,16,p0_R5p_mut
Rgs4,6.4093714,3.6922436,1.4612084260133938e-10,1.2752364445207802e-08,16,p0_R5p_mut
Cdh4,6.3248568,2.7740076,2.534679582714928e-10,2.0277436661719423e-08,16,p0_R5p_mut
Snhg11,5.9500613,3.0622637,2.6804223994645706e-09,1.979388848835375e-07,16,p0_R5p_mut
Msi2,5.7798905,2.3530047,7.474928060640924e-09,5.125664955868062e-07,16,p0_R5p_mut
Diablo,5.691572,3.7741718,1.2587493504392757e-08,8.055995842811364e-07,16,p0_R5p_mut
Robo2,5.570728,3.2403991,2.5367713007437767e-08,1.5156705740615024e-06,16,p0_R5p_mut
Ndnf,5.518044,5.793343,3.427938029723427e-08,1.8282336158524946e-06,16,p0_R5p_mut
Draxin,5.498817,2.070143,3.823478877994373e-08,1.9318630120392623e-06,16,p0_R5p_mut
Ccnd2,4.711402,1.7585531,2.4601867578102335e-06,0.00010735360397717383,16,p0_R5p_mut
Nfix,4.314402,1.2183254,1.600353128032612e-05,0.0006401412512130448,16,p0_R5p_mut
Cxcl12,4.2545705,4.0545354,2.0945079129493502e-05,0.0008042910385725505,16,p0_R5p_mut
Trp73,4.1189847,7.1329236,3.805455681083892e-05,0.0013530509088298282,16,p0_R5p_mut
Pax6,4.078904,1.2686276,4.524845515950869e-05,0.0015513756054688693,16,p0_R5p_mut
Nfia,4.055428,0.93359953,5.004259416909561e-05,0.0016565824276666133,16,p0_R5p_mut
Srgap3,3.634939,0.79142624,0.0002780464247711573,0.00834139274313472,16,p0_R5p_mut
Emx2,3.564051,3.9036984,0.00036517508253643214,0.01062327512833257,16,p0_R5p_mut
Kcnh7,3.4994712,2.6972861,0.00046618183360763694,0.012786701721809469,16,p0_R5p_mut
Neurod1,3.3551114,1.97886,0.0007933303178120914,0.020042029081568626,16,p0_R5p_mut
Tead1,3.1817405,1.0972551,0.0014639291279358094,0.03513429907045943,16,p0_R5p_mut
Plcb1,2.9395275,0.99272305,0.003287130560277391,0.07338710088061152,16,p0_R5p_mut
Kit,2.892365,1.2871354,0.003823534662674331,0.08342257445834905,16,p0_R5p_mut
Clstn2,2.8761938,2.149946,0.004025024288997929,0.08353115560259226,16,p0_R5p_mut
Vcan,2.8711708,0.8143814,0.004089546159710246,0.08353115560259226,16,p0_R5p_mut
Prox1,2.7004097,1.6269778,0.006925411974040749,0.13568154071590038,16,p0_R5p_mut
Limk1,2.6878715,0.7680888,0.007190904979902281,0.1380653756141238,16,p0_R5p_mut
Elavl4,2.6063077,2.4812598,0.009152421630724864,0.17228087775482098,16,p0_R5p_mut
Adcy2,2.504297,2.0158942,0.012269499179833608,0.2141585311389139,16,p0_R5p_mut
Gfap,2.4525967,1.7424225,0.01418293051135886,0.23887040861235975,16,p0_R5p_mut
Cacna2d2,2.3805413,4.314373,0.01728722668682114,0.27659562698913825,16,p0_R5p_mut
Ntng2,2.3233585,2.9845948,0.020159895892840653,0.31727049273978736,16,p0_R5p_mut
Eomes,2.2479196,4.257628,0.024581322267779274,0.37457252979473177,16,p0_R5p_mut
Igfbpl1,2.2023308,1.2171497,0.02764194946303739,0.41462924194556083,16,p0_R5p_mut
Stxbp1,2.1605325,0.31654942,0.03073147714180239,0.447003303880762,16,p0_R5p_mut
Nfasc,2.1118486,1.4011295,0.03469944607748427,0.49718609305052086,16,p0_R5p_mut
Mfng,2.0163038,3.6561754,0.04376822955285738,0.6087590245026472,16,p0_R5p_mut
Slc17a6,1.9934831,2.0035887,0.0462085721171231,0.624791961020256,16,p0_R5p_mut
Lhx5,1.9504912,7.4300904,0.051117599293682286,0.6815679905824306,16,p0_R5p_mut
Cobll1,1.8344079,2.1887124,0.06659347083938467,0.8595175643791159,16,p0_R5p_mut
Lrp8,1.8224992,0.51532924,0.06837927410060408,0.8637381991655253,16,p0_R5p_mut
Dync1i1,1.7874945,1.7490802,0.07385759612173963,0.9208219776216888,16,p0_R5p_mut
Slc2a13,1.745788,2.7767804,0.08084780775965307,0.9824543727755309,16,p0_R5p_mut
Nrn1,1.7022321,2.8812819,0.0887118684497535,0.9984407936463545,16,p0_R5p_mut
Fat3,1.6454561,2.2700295,0.0998757987159588,0.9984407936463545,16,p0_R5p_mut
Ubc,12.119114,1.0705668,8.36582417497545e-34,8.031191207976431e-31,13,p0_R5p_mut
Stxbp1,1.7117786,0.7178396,0.08693747618327816,0.9386253593062966,13,p0_R5p_mut
Atp1a3,1.3821101,0.6330834,0.16693790247719154,0.998482695072889,13,p0_R5p_mut
Gng2,1.2975004,1.2696693,0.19445907864846934,0.998482695072889,13,p0_R5p_mut
Cplx2,0.95759976,1.4217091,0.33826461218015136,0.998482695072889,13,p0_R5p_mut
Stmn2,0.87815577,1.2960559,0.3798591939103434,0.998482695072889,13,p0_R5p_mut
Syt1,0.6181675,1.7125765,0.5364649287119991,0.998482695072889,13,p0_R5p_mut
Syt6,0.6114691,1.5408406,0.5408890582090587,0.998482695072889,13,p0_R5p_mut
Grik1,0.55309945,1.5189905,0.5801952921518065,0.998482695072889,13,p0_R5p_mut
Gad1,0.47954494,1.4773095,0.6315510044306801,0.998482695072889,13,p0_R5p_mut
Stx1b,0.45364547,1.0992,0.6500840308352569,0.998482695072889,13,p0_R5p_mut
Gng3,0.37682688,1.3360308,0.7063022692751653,0.998482695072889,13,p0_R5p_mut
Vamp2,0.3534535,1.4210924,0.723748503451553,0.998482695072889,13,p0_R5p_mut
Camk4,0.3370339,1.9754485,0.7360913382841365,0.998482695072889,13,p0_R5p_mut
Gng4,0.32260117,1.7287629,0.7469973192184141,0.998482695072889,13,p0_R5p_mut
Tuba1a,0.30426574,1.2190211,0.7609254456469224,0.998482695072889,13,p0_R5p_mut
P2rx4,0.2726045,2.7497747,0.7851572495682737,0.998482695072889,13,p0_R5p_mut
Gap43,0.2629543,1.1116503,0.79258581515997,0.998482695072889,13,p0_R5p_mut
Rasgrf2,0.25632685,1.9276972,0.797698462946683,0.998482695072889,13,p0_R5p_mut
Dlx5,0.25601465,1.8073509,0.7979395317761362,0.998482695072889,13,p0_R5p_mut
Sp8,0.23363465,1.819869,0.815268627195731,0.998482695072889,13,p0_R5p_mut
Cacng5,0.22729105,2.905908,0.8201974340161612,0.998482695072889,13,p0_R5p_mut
Aqp4,0.22276396,0.96162975,0.8237192194729093,0.998482695072889,13,p0_R5p_mut
Slit1,0.22192666,1.5049365,0.8243709756081504,0.998482695072889,13,p0_R5p_mut
Eef1a2,0.21671838,1.0938925,0.8284278226356451,0.998482695072889,13,p0_R5p_mut
Folr1,0.20723847,2.1535938,0.8358236329162081,0.998482695072889,13,p0_R5p_mut
Cplx3,0.20154767,7.306731,0.8402703601015036,0.998482695072889,13,p0_R5p_mut
Robo1,0.1978153,0.68407625,0.8431895718085889,0.998482695072889,13,p0_R5p_mut
Gsk3b,0.19208194,1.6522661,0.8476780224231226,0.998482695072889,13,p0_R5p_mut
Dlg4,0.18399279,1.8968816,0.8540191157065748,0.998482695072889,13,p0_R5p_mut
Btrc,0.17290923,1.6197128,0.862722781596047,0.998482695072889,13,p0_R5p_mut
Prkcb,0.16951746,2.4073865,0.8653896437884251,0.998482695072889,13,p0_R5p_mut
Pou3f4,0.16680688,3.443819,0.8675220059535689,0.998482695072889,13,p0_R5p_mut
Slc17a8,0.16283326,2.9192052,0.8706497207007295,0.998482695072889,13,p0_R5p_mut
Omg,0.15810749,0.76545465,0.8743720986675203,0.998482695072889,13,p0_R5p_mut
Dpysl2,0.15254442,0.7777933,0.8787575563488155,0.998482695072889,13,p0_R5p_mut
Fxyd7,0.14270972,2.2790482,0.8865194448718472,0.998482695072889,13,p0_R5p_mut
Rab3a,0.14217043,0.9476526,0.8869453826730025,0.998482695072889,13,p0_R5p_mut
Adcy3,0.13963015,2.3084311,0.888952211112279,0.998482695072889,13,p0_R5p_mut
Atp6v1d,0.13253441,0.9588118,0.8945616087174619,0.998482695072889,13,p0_R5p_mut
Cck,0.11881123,1.7635192,0.9054249119506212,0.998482695072889,13,p0_R5p_mut
Tgfb1,0.10845143,1.6530297,0.9136376023675065,0.998482695072889,13,p0_R5p_mut
Slitrk4,0.10118539,2.3873415,0.9194032961439619,0.998482695072889,13,p0_R5p_mut
Cd274,0.09976624,1.6758215,0.9205299126494167,0.998482695072889,13,p0_R5p_mut
Pafah1b1,0.099496596,0.9372652,0.9207439878879092,0.998482695072889,13,p0_R5p_mut
Elavl4,0.098815404,0.99364173,0.9212848350905183,0.998482695072889,13,p0_R5p_mut
Stx3,0.09706985,1.4996504,0.922670921633767,0.998482695072889,13,p0_R5p_mut
Itgb7,0.09495532,4.950632,0.9243503162862833,0.998482695072889,13,p0_R5p_mut
Cdh1,0.09108104,4.8972554,0.9274281975961418,0.998482695072889,13,p0_R5p_mut
Rara,0.08960512,2.146295,0.928601012033746,0.998482695072889,13,p0_R5p_mut
Pou3f3,12.023182,2.369568,2.6843119021486425e-33,2.5769394260626968e-30,0,p0_R5p_mut
Meis2,9.03278,3.1026146,1.6736605358129798e-19,5.355713714601535e-17,0,p0_R5p_mut
Sox11,8.366318,2.2063212,5.944697033157271e-17,1.4267272879577452e-14,0,p0_R5p_mut
Ptprs,7.919014,1.4166697,2.3940134244897752e-15,4.596505775020369e-13,0,p0_R5p_mut
Foxg1,7.6533823,2.1925495,1.9576079373620175e-14,3.132172699779228e-12,0,p0_R5p_mut
Nfib,6.7640705,0.93469435,1.3416773099700329e-11,1.8400145965303307e-09,0,p0_R5p_mut
Neurod2,6.172825,1.9249836,6.70805511578606e-10,8.049666138943273e-08,0,p0_R5p_mut
Gria2,5.4691176,0.8027382,4.522810779862338e-08,4.824331498519827e-06,0,p0_R5p_mut
Pou3f2,3.8474014,2.968895,0.00011937733334921388,0.00881555692424964,0,p0_R5p_mut
Sox4,3.2615864,1.1584381,0.0011079062418022803,0.06833178490826744,0,p0_R5p_mut
Plxna4,3.0135183,1.4505986,0.0025823743153327527,0.13047786014312857,0,p0_R5p_mut
Ttc28,2.907774,2.4646502,0.003640113525770591,0.14627616962390608,0,p0_R5p_mut
Igfbpl1,2.8970482,1.9865676,0.003766918319818584,0.14627616962390608,0,p0_R5p_mut
Zbtb20,2.7213824,0.4045883,0.006500950034238933,0.22293985604466635,0,p0_R5p_mut
Grik2,2.7176006,0.7199344,0.006575718831344433,0.22293985604466635,0,p0_R5p_mut
Syne2,2.6679204,1.3920928,0.007632236708561422,0.2385545045006995,0,p0_R5p_mut
Satb2,2.5074127,3.5856204,0.012161862035025537,0.34339375157719165,0,p0_R5p_mut
Pax6,1.6505352,0.8380031,0.09883351420623968,0.9993602710137895,0,p0_R5p_mut
Mpped1,1.624848,1.5099399,0.10419495780891566,0.9993602710137895,0,p0_R5p_mut
Cacna2d1,1.620128,0.93562347,0.1052047742594415,0.9993602710137895,0,p0_R5p_mut
Lrp8,1.561114,0.94436044,0.11849687834017124,0.9993602710137895,0,p0_R5p_mut
Kcnq3,1.556515,1.8236705,0.11958567733881671,0.9993602710137895,0,p0_R5p_mut
Unc5d,1.4968504,2.2977903,0.13443219864961745,0.9993602710137895,0,p0_R5p_mut
Neo1,1.4965327,0.7242486,0.1345148997174308,0.9993602710137895,0,p0_R5p_mut
Ntng2,1.2815796,2.5248241,0.19999015968200973,0.9993602710137895,0,p0_R5p_mut
Mex3a,1.2719885,0.8869066,0.20337721250308316,0.9993602710137895,0,p0_R5p_mut
Fzd3,1.128984,1.0491325,0.25890460555684713,0.9993602710137895,0,p0_R5p_mut
Nr2f1,1.1068367,1.1961058,0.2683645701110503,0.9993602710137895,0,p0_R5p_mut
March6,1.0977901,0.4635098,0.2722961511682881,0.9993602710137895,0,p0_R5p_mut
Nlgn2,1.0591079,0.45120648,0.28955062621325345,0.9993602710137895,0,p0_R5p_mut
Cnr1,1.021409,0.7892115,0.30706066571997837,0.9993602710137895,0,p0_R5p_mut
Nfasc,0.976585,1.1011771,0.3287746697003291,0.9993602710137895,0,p0_R5p_mut
Cntn2,0.9547856,1.755919,0.3396861424892992,0.9993602710137895,0,p0_R5p_mut
Cux2,0.90017366,0.9794944,0.3680278360259662,0.9993602710137895,0,p0_R5p_mut
Slc17a6,0.86058384,1.5196093,0.3894673011235047,0.9993602710137895,0,p0_R5p_mut
Klhl24,0.8538973,1.0220094,0.39316191576687376,0.9993602710137895,0,p0_R5p_mut
Fubp1,0.7989828,1.2543794,0.42430038703728734,0.9993602710137895,0,p0_R5p_mut
Slc38a1,0.7850197,0.53206354,0.43244201992967446,0.9993602710137895,0,p0_R5p_mut
Btg1,0.7665031,0.78892595,0.44337701768805027,0.9993602710137895,0,p0_R5p_mut
Cadm3,0.6629674,1.3095632,0.5073514468033722,0.9993602710137895,0,p0_R5p_mut
Nipbl,0.6484143,0.6852457,0.5167170311193987,0.9993602710137895,0,p0_R5p_mut
Xrcc6,0.6385811,1.5124692,0.5230954669327631,0.9993602710137895,0,p0_R5p_mut
Unc5a,0.6329838,1.6781255,0.5267442368769422,0.9993602710137895,0,p0_R5p_mut
Ptk2,0.6061468,0.8028325,0.5444172827144171,0.9993602710137895,0,p0_R5p_mut
Astn1,0.5682361,0.48321483,0.5698746334765068,0.9993602710137895,0,p0_R5p_mut
Stmn1,0.54584676,0.49657398,0.5851712691074455,0.9993602710137895,0,p0_R5p_mut
Bhlhe22,0.54046124,1.50515,0.5888789971029166,0.9993602710137895,0,p0_R5p_mut
Epha3,0.49285355,0.77831787,0.6221160659192434,0.9993602710137895,0,p0_R5p_mut
Asxl3,0.4771205,0.6675566,0.6332763280095908,0.9993602710137895,0,p0_R5p_mut
Plxna2,0.4675596,0.4277457,0.6400995474196928,0.9993602710137895,0,p0_R5p_mut
Clic6,18.248846,18.635078,2.1132531260421905e-74,2.028723001000503e-71,18,p0_R5p_mut
Syne2,16.383757,5.663533,2.498244841873455e-60,1.1991575240992583e-57,18,p0_R5p_mut
Cdh3,15.353867,17.332153,3.3369128559905833e-53,8.0085908543774e-51,18,p0_R5p_mut
Dsp,14.366014,12.716221,8.456001326832891e-47,1.6235522547519153e-44,18,p0_R5p_mut
Sox9,11.387081,4.5324817,4.849657514084224e-30,5.2618856501239175e-28,18,p0_R5p_mut
Kit,10.141059,3.9731178,3.631414361245755e-24,3.1692343516326596e-22,18,p0_R5p_mut
Tead1,10.126633,4.0605063,4.2089423969997135e-24,3.3671539175997704e-22,18,p0_R5p_mut
Ubc,9.881328,0.90472907,5.016391171435099e-23,3.704411941982842e-21,18,p0_R5p_mut
Clu,9.21451,7.2750716,3.1270377148574636e-20,1.876222628914478e-18,18,p0_R5p_mut
Chd2,8.776504,2.4691858,1.6863487059674405e-18,9.52291033958084e-17,18,p0_R5p_mut
Cldn2,8.670283,14.656903,4.3104554651277555e-18,2.2989095814014697e-16,18,p0_R5p_mut
Msi2,8.601522,3.2582312,7.866574176413157e-18,3.9746901101877004e-16,18,p0_R5p_mut
Igfbp2,8.51933,8.295237,1.6047902463064305e-17,7.702993182270866e-16,18,p0_R5p_mut
Igf1r,8.319386,2.2758863,8.842034565109508e-17,4.042072944050061e-15,18,p0_R5p_mut
Pdgfra,8.045979,5.1519938,8.555897488485423e-16,3.733482540430003e-14,18,p0_R5p_mut
Chd6,7.957523,1.9890157,1.7551773233820448e-15,7.325957523681578e-14,18,p0_R5p_mut
Lef1,7.7563996,4.1994867,8.73745526539819e-15,3.1428535312679074e-13,18,p0_R5p_mut
Apoe,7.754929,4.6670656,8.83927555669099e-15,3.1428535312679074e-13,18,p0_R5p_mut
Bmp7,7.3429885,4.873851,2.0887666077318104e-13,7.1614855122233495e-12,18,p0_R5p_mut
Itpr1,7.1359076,5.471511,9.615053658990761e-13,3.18291431470039e-11,18,p0_R5p_mut
Idh2,6.7073507,2.896811,1.9818949401858484e-11,6.137481105091659e-10,18,p0_R5p_mut
Ptprm,6.3164673,2.4377513,2.676103131844259e-10,8.028309395532777e-09,18,p0_R5p_mut
Cntn1,6.1053896,3.4031515,1.0255035941081194e-09,2.89553955983469e-08,18,p0_R5p_mut
Rgs3,5.7775245,3.633584,7.580775480612392e-09,2.0215401281633045e-07,18,p0_R5p_mut
Gnas,5.465816,2.1024275,4.6078223295382225e-08,1.1342331888094086e-06,18,p0_R5p_mut
Cux2,5.395431,2.7473283,6.835919081505658e-08,1.640620579561358e-06,18,p0_R5p_mut
Huwe1,4.806533,1.2908909,1.5357017692466765e-06,3.136752549950658e-05,18,p0_R5p_mut
Axin2,4.175505,1.9610139,2.9732579725192628e-05,0.0005385523874751872,18,p0_R5p_mut
Lrp6,4.0911226,1.8694834,4.292896476776152e-05,0.0007493055668554738,18,p0_R5p_mut
Atp1a1,4.0791163,2.5575771,4.520720063474869e-05,0.0007749805823099776,18,p0_R5p_mut
Dyrk1a,3.6975439,1.5381709,0.00021769557088223635,0.0034831291341157816,18,p0_R5p_mut
Nipbl,3.5184426,1.6336943,0.0004340878351190667,0.006421882643331461,18,p0_R5p_mut
Cldn1,3.4998355,7.9551716,0.00046554520869263684,0.006771566671892899,18,p0_R5p_mut
Six3,3.4545817,5.4559126,0.0005511472762014032,0.00778090272284334,18,p0_R5p_mut
Mest,3.3979952,2.664178,0.0006788163110026097,0.009050884146701462,18,p0_R5p_mut
Foxj1,3.2884514,5.1091924,0.0010074012732162337,0.01289473629716779,18,p0_R5p_mut
Ankrd11,3.264745,0.88483644,0.0010956269783192994,0.01383949867350694,18,p0_R5p_mut
Ccdc141,3.2295525,3.4255042,0.0012398410471780663,0.01533330069490568,18,p0_R5p_mut
Gsn,3.2007155,5.0436378,0.0013708677054684558,0.016658645534806553,18,p0_R5p_mut
Lamb1,3.1489837,1.5931102,0.0016383933318941171,0.01966071998272941,18,p0_R5p_mut
Vcam1,2.9375384,4.805471,0.0033082920307849406,0.0352884483283727,18,p0_R5p_mut
Smo,2.9300957,3.3136141,0.003388577156011135,0.035747627140337246,18,p0_R5p_mut
Plxnb2,2.8602622,4.6903143,0.004232909314116952,0.04322971214417313,18,p0_R5p_mut
Glul,2.7667067,2.1561,0.005662566429474384,0.05662566429474384,18,p0_R5p_mut
Itgb1,2.6738098,1.891581,0.007499495384135039,0.0727223794825216,18,p0_R5p_mut
Kcnh1,2.4843254,5.007928,0.012979715545507206,0.12219355732835355,18,p0_R5p_mut
Gabbr1,2.4445693,0.6104717,0.014502521792698585,0.13516913515524895,18,p0_R5p_mut
Cers2,2.4034503,3.114624,0.016241176707004416,0.1484907584640404,18,p0_R5p_mut
Atp6v0c,2.3731432,1.4975122,0.017637427196769202,0.15936122212379936,18,p0_R5p_mut
Vim,2.3335402,0.8790306,0.019619810032526996,0.1712274330111447,18,p0_R5p_mut
Sparcl1,20.755873,5.3204503,1.0849343111033128e-95,1.0415369386591803e-92,14,p0_R5p_mut
Atp1a2,16.509747,5.4821706,3.121879823365473e-61,1.498502315215427e-58,14,p0_R5p_mut
Col3a1,14.088251,13.959122,4.4853277229726286e-45,1.435304871351241e-42,14,p0_R5p_mut
Cdh5,13.231031,5.4044657,5.80850412406439e-40,1.115232791820363e-37,14,p0_R5p_mut
Apcdd1,10.777448,4.448347,4.3992216194079916e-27,5.27906594328959e-25,14,p0_R5p_mut
Bmp7,10.180205,7.117919,2.4304685895238904e-24,2.592499828825483e-22,14,p0_R5p_mut
Ubc,9.42106,0.91367817,4.465600577324016e-21,3.8972514129373234e-19,14,p0_R5p_mut
Cxcl12,8.394277,8.0649395,4.6877226032385876e-17,3.461702845468495e-15,14,p0_R5p_mut
Bmp5,8.261813,10.2894125,1.4347568116188153e-16,9.83833242252902e-15,14,p0_R5p_mut
Axin2,8.222542,3.6809094,1.9923494731200518e-16,1.1954096838720311e-14,14,p0_R5p_mut
Pdgfra,7.718409,5.160887,1.1779072498726964e-14,5.653954799388943e-13,14,p0_R5p_mut
Slc6a13,7.579545,11.240243,3.467686583893392e-14,1.5852281526369793e-12,14,p0_R5p_mut
Lamb1,7.107189,3.4604623,1.1843015630924207e-12,5.1678613662214726e-11,14,p0_R5p_mut
Vim,6.4131308,2.4407337,1.4256102591430172e-10,5.702441036572068e-09,14,p0_R5p_mut
Glul,6.253872,3.729723,4.0039981639078223e-10,1.5375352949406038e-08,14,p0_R5p_mut
Htra1,5.787672,3.634219,7.136865632257654e-09,2.4469253596311954e-07,14,p0_R5p_mut
Chd7,5.120214,1.2860296,3.0518910876288265e-07,8.61710424742257e-06,14,p0_R5p_mut
Gnas,4.0949335,1.6513755,4.222896600337208e-05,0.001039482240083005,14,p0_R5p_mut
Gjb6,3.9957497,5.9201183,6.448986236843006e-05,0.001518041783852848,14,p0_R5p_mut
Kit,3.9944923,1.9550774,6.483303451871538e-05,0.001518041783852848,14,p0_R5p_mut
P2ry1,3.6948996,6.350068,0.0002199736551833986,0.00469277131057917,14,p0_R5p_mut
March6,3.5736387,1.158598,0.0003520546538457952,0.007041093076915903,14,p0_R5p_mut
Gsn,3.4633183,5.363792,0.0005335568054171898,0.010453357820418412,14,p0_R5p_mut
Trim25,3.1503847,3.0568213,0.0016305561513863885,0.03010257510251794,14,p0_R5p_mut
Lef1,2.9868636,2.0031579,0.0028185541889503914,0.05105305700740332,14,p0_R5p_mut
Ptprm,2.9131207,1.5319906,0.0035783618517877766,0.06168746446812991,14,p0_R5p_mut
Mpzl1,2.8827157,1.7598057,0.00394263084163871,0.06640220364865196,14,p0_R5p_mut
Laptm5,2.8460402,2.8211334,0.004426660181399632,0.07082656290239411,14,p0_R5p_mut
Mrc1,2.8341362,5.211817,0.0045949741580501935,0.07114798696335783,14,p0_R5p_mut
Ngfr,2.720844,8.783113,0.006511549828498615,0.09471345205088895,14,p0_R5p_mut
Wnt5a,2.5842662,5.2100444,0.00975864638950385,0.13011528519338467,14,p0_R5p_mut
Wnt4,2.574534,7.1864533,0.010037525117144397,0.13200033030765235,14,p0_R5p_mut
Ntm,2.4761992,1.8904228,0.013278947111749474,0.16555570425038305,14,p0_R5p_mut
Ccnd2,2.4120252,1.6824428,0.015864182367964847,0.18572701308836895,14,p0_R5p_mut
Chd2,2.405902,0.7643171,0.016132600816607032,0.18659393715593675,14,p0_R5p_mut
Lpar1,2.3214142,4.593904,0.02026449521303199,0.22620831865710125,14,p0_R5p_mut
Syne2,2.2850163,0.96733886,0.022311866018991985,0.24023899464543816,14,p0_R5p_mut
Tet2,2.1711361,0.61473817,0.029920874118824593,0.30025921131716166,14,p0_R5p_mut
Itpr3,2.0869265,2.8957636,0.03689479298479169,0.3541900126540002,14,p0_R5p_mut
Epb41l3,1.9621546,2.7877164,0.0497444885071299,0.4548067520651876,14,p0_R5p_mut
Apoe,1.951214,1.6284945,0.0510315942240989,0.46217292882202776,14,p0_R5p_mut
Tcf7l2,1.7479639,1.4906201,0.08047027818873159,0.6986535619100286,14,p0_R5p_mut
Adcy1,1.7269155,2.6614249,0.08418283894326048,0.7089081174169304,14,p0_R5p_mut
Tanc1,1.6981924,2.7508354,0.08947146060115377,0.7387881274090051,14,p0_R5p_mut
Slc1a3,1.6449101,1.2816497,0.09998836309101677,0.7967284842588006,14,p0_R5p_mut
Plxnc1,1.5937995,2.4694762,0.11098094689111059,0.8389110946099698,14,p0_R5p_mut
Igfbp2,1.5341978,2.5593104,0.1249810055669184,0.9089527677594065,14,p0_R5p_mut
Gnai2,1.5049194,1.5766821,0.13234479019669548,0.955270666081411,14,p0_R5p_mut
Pdgfrb,1.4511799,2.2392125,0.14672977327366923,0.9989707210154741,14,p0_R5p_mut
Cul1,1.3698603,0.84657013,0.17073052618341034,0.9989707210154741,14,p0_R5p_mut
Atp1a3,8.673942,1.9754294,4.174153595010273e-18,2.003593725604931e-15,7,p0_R5p_mut
Grik3,8.127636,4.660691,4.3774285570787553e-16,1.4007771382652016e-13,7,p0_R5p_mut
Cadm1,6.8200603,1.5882303,9.100220921666792e-12,2.18405302120003e-09,7,p0_R5p_mut
Gria2,6.5460835,1.100823,5.906549956260755e-11,1.1340575916020651e-08,7,p0_R5p_mut
Fezf2,5.949595,4.270192,2.6880701722246972e-09,4.300912275559515e-07,7,p0_R5p_mut
Neurod2,5.270065,1.7903591,1.363754359416282e-07,1.8702916929137583e-05,7,p0_R5p_mut
Dync1i1,4.988817,4.2609806,6.075012476449617e-07,7.29001497173954e-05,7,p0_R5p_mut
Nrcam,4.913487,2.2963984,8.947077043587356e-07,8.548804004285674e-05,7,p0_R5p_mut
Grm3,4.895703,2.6512783,9.795504588244002e-07,8.548804004285674e-05,7,p0_R5p_mut
Kit,4.3542695,2.2583432,1.3351145941283604e-05,0.0010680916753026883,7,p0_R5p_mut
Bin1,3.7742825,1.1030927,0.00016046881440410642,0.009061768342820128,7,p0_R5p_mut
Stxbp1,3.7153442,0.7821872,0.0002029272008577159,0.010822784045744847,7,p0_R5p_mut
Dnm1,3.557907,1.2817351,0.0003738216187490631,0.0188878291578474,7,p0_R5p_mut
Srgap1,3.5260751,1.1494217,0.0004217671742719245,0.02024482436505238,7,p0_R5p_mut
Syt6,3.34959,3.899711,0.0008093122069508716,0.036997129460611275,7,p0_R5p_mut
Epb41l1,3.0280304,1.1760583,0.0024615323996283888,0.10100316185251175,7,p0_R5p_mut
Ncam1,3.0203197,1.0053006,0.002525079046312794,0.10100316185251175,7,p0_R5p_mut
Slitrk1,2.9614182,1.6630871,0.003062258346399079,0.11759072050172463,7,p0_R5p_mut
Cacnb4,2.916015,1.9102827,0.0035453361719784923,0.13090472019612895,7,p0_R5p_mut
Lrrc4c,2.4204426,1.6843241,0.015501622171635884,0.4650486651490765,7,p0_R5p_mut
Cntn1,2.3918161,1.5642527,0.016765241608773945,0.4877161195279693,7,p0_R5p_mut
Stmn2,2.1202202,0.9675474,0.03398747476947719,0.8100093427051228,7,p0_R5p_mut
Unc13b,2.1130774,1.53996,0.03459414901136462,0.8100093427051228,7,p0_R5p_mut
Adcy1,2.0492122,3.0482366,0.04044135957070958,0.9028768648344464,7,p0_R5p_mut
Neurod6,1.9430758,0.7045004,0.052006996756753715,0.9996237757243321,7,p0_R5p_mut
Hcn1,1.927453,0.9423928,0.053923202264327404,0.9996237757243321,7,p0_R5p_mut
Ptprj,1.8760972,0.64240575,0.06064193202249351,0.9996237757243321,7,p0_R5p_mut
Crmp1,1.8549249,0.80830336,0.06360695646973377,0.9996237757243321,7,p0_R5p_mut
Limk1,1.8250161,0.9914996,0.0679985882735437,0.9996237757243321,7,p0_R5p_mut
Vcan,1.7203083,0.90399617,0.08537641760027745,0.9996237757243321,7,p0_R5p_mut
Cdh4,1.7062056,1.0677875,0.08796980656769683,0.9996237757243321,7,p0_R5p_mut
Dpysl2,1.6934216,0.92349994,0.09037524564870854,0.9996237757243321,7,p0_R5p_mut
Gng2,1.6656009,0.7255216,0.09579294293990581,0.9996237757243321,7,p0_R5p_mut
Robo1,1.6629086,0.52889025,0.09633075018295305,0.9996237757243321,7,p0_R5p_mut
Nfasc,1.6619195,1.4580834,0.09652891772955771,0.9996237757243321,7,p0_R5p_mut
Parp1,1.641608,1.2677302,0.10067127751899595,0.9996237757243321,7,p0_R5p_mut
Tbr1,1.6166993,3.3128717,0.10594320259272819,0.9996237757243321,7,p0_R5p_mut
Tubb3,1.6005636,0.7748888,0.10947360149246678,0.9996237757243321,7,p0_R5p_mut
Grin1,1.5684205,0.78709364,0.116783031054572,0.9996237757243321,7,p0_R5p_mut
Tet2,1.5295191,0.39624488,0.12613581973893953,0.9996237757243321,7,p0_R5p_mut
Epha7,1.4625953,1.1913961,0.14357812774385267,0.9996237757243321,7,p0_R5p_mut
Gria3,1.42765,1.8690438,0.15339261952203667,0.9996237757243321,7,p0_R5p_mut
Unc13a,1.4175401,1.4766876,0.15632509731617308,0.9996237757243321,7,p0_R5p_mut
Nr4a3,1.3958732,1.2752343,0.16275268882819716,0.9996237757243321,7,p0_R5p_mut
Stmn1,1.3310558,0.8130108,0.18317066619888467,0.9996237757243321,7,p0_R5p_mut
Bcl11b,1.3292426,3.254472,0.1837679608106153,0.9996237757243321,7,p0_R5p_mut
Fbxo45,1.3007075,1.0929319,0.19335859418798484,0.9996237757243321,7,p0_R5p_mut
Ppp3cb,1.2965317,0.5899736,0.19479238716361214,0.9996237757243321,7,p0_R5p_mut
Grk3,1.2959089,1.4884725,0.19500686489897068,0.9996237757243321,7,p0_R5p_mut
Grk2,1.295506,0.5853041,0.19514573687322978,0.9996237757243321,7,p0_R5p_mut
Atp1a3,11.023426,2.2391934,2.9462856125502243e-28,1.4142170940241078e-25,2,p0_R5p_mut
Snhg11,7.1870375,3.562605,6.62122657984204e-13,1.3053048294035903e-10,2,p0_R5p_mut
Dnm1,7.1834283,2.0897076,6.798462653143699e-13,1.3053048294035903e-10,2,p0_R5p_mut
Stxbp1,6.4472146,1.2837464,1.1392449214676611e-10,1.8227918743482577e-08,2,p0_R5p_mut
Gria1,6.265858,1.2668055,3.7077734392895134e-10,5.084946431025618e-08,2,p0_R5p_mut
Gabbr1,5.6159954,1.1978315,1.954337668832869e-08,2.345205202599443e-06,2,p0_R5p_mut
Robo1,5.079069,1.6058927,3.79288360425134e-07,4.04574251120143e-05,2,p0_R5p_mut
Cadm1,4.7599106,1.1244493,1.9367895762743283e-06,0.00018593179932233553,2,p0_R5p_mut
Erbb4,4.5111737,2.1924305,6.446984917332706e-06,0.0005378891066627543,2,p0_R5p_mut
Gng2,4.47926,1.5602546,7.490230322071462e-06,0.0005531247007068156,2,p0_R5p_mut
Tet2,4.152732,1.0738624,3.28529701925845e-05,0.002102590092325408,2,p0_R5p_mut
Grin1,3.8264682,1.9048443,0.00012999489889451373,0.006933061274374066,2,p0_R5p_mut
Grik1,3.744822,3.4172096,0.00018052165995487043,0.00912109439771977,2,p0_R5p_mut
Slitrk1,3.594265,1.8321538,0.0003253085178715207,0.015614808857832993,2,p0_R5p_mut
Cux2,3.5391479,2.3414457,0.0004014210990916099,0.018350678815616455,2,p0_R5p_mut
Bin1,3.4972193,0.968913,0.0004701351959111696,0.020514990367032856,2,p0_R5p_mut
Ncam1,3.300558,0.83914983,0.0009649277223244499,0.038597108892977995,2,p0_R5p_mut
Stmn2,3.0035443,1.0256822,0.00266854754406103,0.10247222569194354,2,p0_R5p_mut
Cacna1b,2.9172308,1.9321208,0.0035315420033805132,0.13039539704789588,2,p0_R5p_mut
Cacnb4,2.6484654,1.5841473,0.008085809875040342,0.2676681889668527,2,p0_R5p_mut
Ccdc88a,2.61846,0.7792428,0.008832766589740186,0.28264853087168595,2,p0_R5p_mut
Epb41l1,2.4374816,1.136095,0.014789965381041117,0.41777365036285136,2,p0_R5p_mut
Ptprm,2.4373305,1.2457372,0.014796150117017652,0.41777365036285136,2,p0_R5p_mut
Ntm,2.3873148,1.8049761,0.016971948584442547,0.4460897949835746,2,p0_R5p_mut
Grm3,2.3825533,1.3966788,0.017193044181658606,0.4460897949835746,2,p0_R5p_mut
Epha7,2.3055742,1.3916849,0.02113443625007817,0.5202322769250011,2,p0_R5p_mut
Tubb3,2.2755876,1.0304277,0.022870709712452444,0.5488970330988587,2,p0_R5p_mut
Nxph1,2.2610004,2.6637847,0.023759231769392753,0.5563137194784644,2,p0_R5p_mut
Grik3,2.2216983,1.8514385,0.026303696183002486,0.6012273413257712,2,p0_R5p_mut
Nlgn2,2.1938846,0.5024832,0.02824370426415932,0.6269483560971634,2,p0_R5p_mut
Ankrd11,2.1871014,0.5897755,0.02873513298778665,0.6269483560971634,2,p0_R5p_mut
Chd6,2.1152806,0.605163,0.034406040964868406,0.7339955405838593,2,p0_R5p_mut
Trpc4,2.106003,0.99606526,0.03520408918379449,0.7346940351400588,2,p0_R5p_mut
Ptprj,2.0875046,0.67399246,0.03684254364588247,0.7448510492082164,2,p0_R5p_mut
Atp6v0c,2.0759974,1.5315527,0.03789418760379151,0.7448510492082164,2,p0_R5p_mut
Robo2,2.0285516,1.7022035,0.042503984785240485,0.8160765078766172,2,p0_R5p_mut
Calm1,2.0188584,0.8103429,0.043501945585896186,0.8188601522051047,2,p0_R5p_mut
Srgap1,2.002514,0.7901555,0.045229480678939823,0.8350057971496583,2,p0_R5p_mut
Crmp1,1.9926318,0.6431807,0.04630178139843444,0.8386737762735295,2,p0_R5p_mut
Syt1,1.9613036,2.4524536,0.049843624786378146,0.8845951125174238,2,p0_R5p_mut
Reln,1.95418,1.3226098,0.05067992832131074,0.8845951125174238,2,p0_R5p_mut
Gap43,1.9412369,1.6813456,0.052229557856703954,0.8953638489720678,2,p0_R5p_mut
Plcb1,1.837899,0.8702246,0.06607729764791787,0.9993517237495094,2,p0_R5p_mut
March6,1.7779444,0.71899426,0.07541297805796261,0.9993517237495094,2,p0_R5p_mut
Syt6,1.7585769,2.221345,0.07864940485381819,0.9993517237495094,2,p0_R5p_mut
Sptan1,1.7309142,0.4058454,0.08346705330379639,0.9993517237495094,2,p0_R5p_mut
Cplx2,1.6125925,1.2846684,0.10683306841677959,0.9993517237495094,2,p0_R5p_mut
Syp,1.6087,1.8260114,0.10768193611491292,0.9993517237495094,2,p0_R5p_mut
Dnajc27,1.5879532,1.8925506,0.112296932764554,0.9993517237495094,2,p0_R5p_mut
Ptpn11,1.583286,1.0102265,0.11335628390992203,0.9993517237495094,2,p0_R5p_mut
Olig2,10.541562,8.176394,5.556804552554599e-26,5.334532370452415e-23,12,p0_R5p_mut
Chd7,9.812749,2.9651794,9.922750456622743e-23,4.762920219178917e-20,12,p0_R5p_mut
Pdgfra,8.172761,6.486435,3.0141019894510903e-16,9.645126366243489e-14,12,p0_R5p_mut
Cntn1,7.462002,4.92051,8.521785003040924e-14,2.0452284007298216e-11,12,p0_R5p_mut
Ptprz1,5.0548077,2.4902017,4.3082517559148927e-07,5.908459550968995e-05,12,p0_R5p_mut
Cspg4,4.8509126,7.2742906,1.2289480250878134e-06,0.0001474737630105376,12,p0_R5p_mut
Sox10,4.798403,9.077962,1.5993593407195375e-06,0.00017059832967675068,12,p0_R5p_mut
Egfr,3.697449,4.637944,0.00021777688355175483,0.016081985246898817,12,p0_R5p_mut
Erbb4,3.6042798,2.0828357,0.00031301983828967855,0.021464217482720815,12,p0_R5p_mut
Sall3,2.8900604,3.8428893,0.0038516765674434057,0.1848804752372835,12,p0_R5p_mut
Ctnnb1,2.6983137,1.5829523,0.0069691733630852515,0.30485366083029064,12,p0_R5p_mut
Pou3f3,2.682666,0.7612341,0.007303785624059048,0.30485366083029064,12,p0_R5p_mut
Nlgn2,2.4680943,0.8360816,0.013583455527689562,0.5015429733300761,12,p0_R5p_mut
Sdc3,2.390811,1.2762809,0.01681120638769049,0.5944497032794561,12,p0_R5p_mut
Etv5,2.379458,3.698133,0.017338116345650804,0.5944497032794561,12,p0_R5p_mut
Sox2,2.2900863,1.2141955,0.022016319405310486,0.728816090658554,12,p0_R5p_mut
Map2,2.2625887,1.7971889,0.023661054356146547,0.7571537393966895,12,p0_R5p_mut
Omg,2.1245446,3.9806614,0.03362463745545786,0.999571673650066,12,p0_R5p_mut
Mest,2.045631,2.1798744,0.04079270109579539,0.999571673650066,12,p0_R5p_mut
C1ql1,2.0407398,5.120176,0.04127669878860125,0.999571673650066,12,p0_R5p_mut
Grik3,2.0069196,1.9006822,0.044758219100247285,0.999571673650066,12,p0_R5p_mut
Sparcl1,1.8903486,0.3600825,0.05871135902086707,0.999571673650066,12,p0_R5p_mut
Kcnd2,1.8800097,2.2844684,0.0601067621659397,0.999571673650066,12,p0_R5p_mut
Nlgn3,1.8335642,1.3735106,0.066718720179486,0.999571673650066,12,p0_R5p_mut
Chd6,1.7200152,0.88287926,0.08542968261471219,0.999571673650066,12,p0_R5p_mut
Olig1,1.6829343,5.225726,0.0923878075941493,0.999571673650066,12,p0_R5p_mut
Fabp7,1.6641852,0.8294992,0.09607544101423633,0.999571673650066,12,p0_R5p_mut
Gpr17,1.6074206,9.926368,0.10796213816553023,0.999571673650066,12,p0_R5p_mut
Cdh4,1.5865638,1.2921313,0.11261146273941983,0.999571673650066,12,p0_R5p_mut
Draxin,1.5836014,1.5323306,0.11328446725044503,0.999571673650066,12,p0_R5p_mut
Ccnd2,1.5798038,0.88574296,0.11415180755713566,0.999571673650066,12,p0_R5p_mut
Atp1a2,1.5770004,0.65972114,0.11479544295500368,0.999571673650066,12,p0_R5p_mut
Ankrd11,1.4987826,0.50050205,0.13393003934475056,0.999571673650066,12,p0_R5p_mut
Bmp7,1.4267881,1.9212842,0.15364099074617402,0.999571673650066,12,p0_R5p_mut
Kcnip3,1.3952147,2.4913898,0.1629511172477376,0.999571673650066,12,p0_R5p_mut
Dll1,1.360301,3.2802277,0.17373469484837045,0.999571673650066,12,p0_R5p_mut
Cdh20,1.355887,2.9906752,0.1751351001180248,0.999571673650066,12,p0_R5p_mut
Kcna2,1.3249102,1.8941369,0.185200956783801,0.999571673650066,12,p0_R5p_mut
Mki67,1.2918456,1.391558,0.19641063936385117,0.999571673650066,12,p0_R5p_mut
Grk3,1.2507683,1.8166745,0.21101902364421765,0.999571673650066,12,p0_R5p_mut
Gria3,1.2497145,2.075158,0.21140384866159678,0.999571673650066,12,p0_R5p_mut
Nxph1,1.2423779,1.9027426,0.21409717131288664,0.999571673650066,12,p0_R5p_mut
Stx16,1.2228533,1.4674579,0.22138512120393639,0.999571673650066,12,p0_R5p_mut
Itpr2,1.1974037,3.8853738,0.23114925387297847,0.999571673650066,12,p0_R5p_mut
Ap2b1,1.1053478,1.9758683,0.26900895829325744,0.999571673650066,12,p0_R5p_mut
Sox9,1.0830594,0.80938494,0.2787820523413551,0.999571673650066,12,p0_R5p_mut
Mfge8,1.0693405,1.1326154,0.28491627263623376,0.999571673650066,12,p0_R5p_mut
Sall1,1.0668154,1.4210782,0.2860551980271212,0.999571673650066,12,p0_R5p_mut
Jam2,1.0478077,2.11106,0.2947271951346714,0.999571673650066,12,p0_R5p_mut
Sema5b,1.0287404,2.826864,0.3036016688071208,0.999571673650066,12,p0_R5p_mut
Laptm5,11.368517,12.72762,5.999821166798422e-30,5.7598283201264854e-27,17,p0_R5p_mut
C1qb,8.736916,14.437762,2.395616441633204e-18,1.149895891983938e-15,17,p0_R5p_mut
Apoe,6.528915,6.0739107,6.624791899788459e-11,2.1199334079323068e-08,17,p0_R5p_mut
Csf1r,6.3880296,11.91712,1.6803703110188497e-10,4.0328887464452395e-08,17,p0_R5p_mut
Ptprj,5.7920485,3.299345,6.953306041512281e-09,1.335034759970358e-06,17,p0_R5p_mut
Mrc1,5.393302,12.032982,6.917459251547193e-08,8.197023768019614e-06,17,p0_R5p_mut
Pld4,5.374379,9.304776,7.684709782518389e-08,8.197023768019614e-06,17,p0_R5p_mut
Hpgds,5.2052536,10.182822,1.9373199287534418e-07,1.8598271316033043e-05,17,p0_R5p_mut
Grk2,4.538594,2.624375,5.663064765846124e-06,0.0004530451812676899,17,p0_R5p_mut
Ubc,3.9838705,0.6900886,6.78018259299191e-05,0.005006904068670949,17,p0_R5p_mut
P2ry12,3.683203,10.927085,0.00023032157753283638,0.014740580962101528,17,p0_R5p_mut
Sall1,3.1513922,4.103745,0.00162494162650117,0.07799719807205616,17,p0_R5p_mut
C1qa,3.1010535,10.695172,0.0019283348725197,0.08815245131518629,17,p0_R5p_mut
Cx3cr1,2.5079334,9.470054,0.012143959866047088,0.4550971328207524,17,p0_R5p_mut
Cd86,2.321591,9.2069,0.02025497911616691,0.6944564268400083,17,p0_R5p_mut
Itgam,2.1309178,11.012461,0.03309590970534026,0.8825575921424069,17,p0_R5p_mut
Mki67,2.0630996,2.6560585,0.03910315629163877,0.9998115326878437,17,p0_R5p_mut
P2ry13,1.7341397,8.318815,0.0828933072805733,0.9998115326878437,17,p0_R5p_mut
Ptprc,1.7017266,7.264335,0.08880663839318577,0.9998115326878437,17,p0_R5p_mut
Gnai2,1.5181924,1.7607065,0.12896591150848472,0.9998115326878437,17,p0_R5p_mut
C1qc,1.4890599,5.702902,0.13647158199791282,0.9998115326878437,17,p0_R5p_mut
Bin1,1.4564369,0.7534484,0.145271880969695,0.9998115326878437,17,p0_R5p_mut
Atp6v0b,1.2932954,2.3889103,0.19590891402671495,0.9998115326878437,17,p0_R5p_mut
Itgb2,1.1645616,9.03574,0.24419648571262742,0.9998115326878437,17,p0_R5p_mut
Cenpf,1.1287628,1.5890464,0.2589978776311116,0.9998115326878437,17,p0_R5p_mut
Ptgs1,1.0797889,5.1313915,0.28023618287542873,0.9998115326878437,17,p0_R5p_mut
Chd2,1.0797102,0.7100522,0.2802712541619039,0.9998115326878437,17,p0_R5p_mut
Chd7,1.0370613,0.44649112,0.2997072478644156,0.9998115326878437,17,p0_R5p_mut
Btg1,0.9901346,1.1483129,0.3221083409806311,0.9998115326878437,17,p0_R5p_mut
Apaf1,0.9866177,2.3268058,0.3238300903061302,0.9998115326878437,17,p0_R5p_mut
Ccnd2,0.9848592,0.93348175,0.32469320920567146,0.9998115326878437,17,p0_R5p_mut
Chd6,0.9266732,0.5975364,0.3540962531518258,0.9998115326878437,17,p0_R5p_mut
Lrp6,0.91851085,0.79951227,0.35835148491719093,0.9998115326878437,17,p0_R5p_mut
Trim25,0.91730356,2.06866,0.3589835956494032,0.9998115326878437,17,p0_R5p_mut
Tmem119,0.850299,3.7503529,0.39515886942659884,0.9998115326878437,17,p0_R5p_mut
Ssh3,0.8318222,3.7922704,0.4055092930229508,0.9998115326878437,17,p0_R5p_mut
Arhgef2,0.8160225,1.1338291,0.41448727210384184,0.9998115326878437,17,p0_R5p_mut
Lrp1,0.81339794,2.8478386,0.41598993448007016,0.9998115326878437,17,p0_R5p_mut
Ssh2,0.7920079,3.0724552,0.4283560493512891,0.9998115326878437,17,p0_R5p_mut
Cd9,0.7777829,2.7243307,0.43669699905243264,0.9998115326878437,17,p0_R5p_mut
Rnf2,0.7751584,1.513719,0.4382460794646994,0.9998115326878437,17,p0_R5p_mut
Itga4,0.7737411,3.4951081,0.4390838948880941,0.9998115326878437,17,p0_R5p_mut
Gnaq,0.76547384,0.65868837,0.4439894506002844,0.9998115326878437,17,p0_R5p_mut
Aif1,0.7599098,6.252031,0.44730850882343853,0.9998115326878437,17,p0_R5p_mut
Plcg2,0.75445074,6.2539873,0.45057861124403475,0.9998115326878437,17,p0_R5p_mut
Rhob,0.71689355,1.4855168,0.4734397802477429,0.9998115326878437,17,p0_R5p_mut
Cenpe,0.7162374,2.757782,0.47384476231277495,0.9998115326878437,17,p0_R5p_mut
Cdkn2c,0.6730637,2.4446223,0.5009067616876617,0.9998115326878437,17,p0_R5p_mut
Top2a,0.6448499,1.0288038,0.5190244710949761,0.9998115326878437,17,p0_R5p_mut
Lpar1,0.63269824,2.5304523,0.5269307084754875,0.9998115326878437,17,p0_R5p_mut
Gria2,6.032308,1.5184484,1.6163444455747274e-09,7.758453338758692e-07,5,p0_R5p_mut
Trpc4,5.1630297,3.6527493,2.429848571664936e-07,7.775515429327795e-05,5,p0_R5p_mut
Atp1a3,5.0994897,1.6527085,3.405707374566292e-07,8.1736976989591e-05,5,p0_R5p_mut
Nrcam,3.535794,2.5016487,0.00040655157815108913,0.06504825250417426,5,p0_R5p_mut
Foxg1,2.921518,1.469021,0.0034832996794585238,0.41799596153502283,5,p0_R5p_mut
Stx1b,2.3901365,1.7125984,0.01684211610068559,0.9993052059792987,5,p0_R5p_mut
Plxna4,2.3163998,1.878459,0.020536454475905224,0.9993052059792987,5,p0_R5p_mut
Ncam1,2.2335336,1.2859327,0.025513769915015062,0.9993052059792987,5,p0_R5p_mut
Tubb3,1.8220127,1.2995318,0.0684530563958244,0.9993052059792987,5,p0_R5p_mut
Cnr1,1.7267308,1.7490019,0.08421601115034809,0.9993052059792987,5,p0_R5p_mut
Ppp3cb,1.7033317,1.0915991,0.08850600293265018,0.9993052059792987,5,p0_R5p_mut
Cacna2d1,1.684399,1.4186659,0.09210458958865474,0.9993052059792987,5,p0_R5p_mut
Sparcl1,1.6788933,0.27885878,0.09317284106685787,0.9993052059792987,5,p0_R5p_mut
Cadm1,1.5821507,0.62940603,0.11361516017358447,0.9993052059792987,5,p0_R5p_mut
Crmp1,1.5265322,0.8868959,0.1268773741504782,0.9993052059792987,5,p0_R5p_mut
Mpped1,1.5173749,2.518117,0.1291720780141602,0.9993052059792987,5,p0_R5p_mut
Asxl3,1.4858857,1.489525,0.1373093467764441,0.9993052059792987,5,p0_R5p_mut
Epha7,1.473189,1.4191339,0.14070008560008204,0.9993052059792987,5,p0_R5p_mut
Celf2,1.4675148,2.0284414,0.14223607542778094,0.9993052059792987,5,p0_R5p_mut
Tet2,1.447346,0.730678,0.14780003503547814,0.9993052059792987,5,p0_R5p_mut
Neurod6,1.4033006,0.89818144,0.16052720842014578,0.9993052059792987,5,p0_R5p_mut
Gnai1,1.3895365,1.3500075,0.1646696840405123,0.9993052059792987,5,p0_R5p_mut
Dab1,1.3788903,3.150025,0.16792858588534254,0.9993052059792987,5,p0_R5p_mut
Sptan1,1.3216707,0.58906776,0.18627786211120334,0.9993052059792987,5,p0_R5p_mut
Nectin3,1.2936085,1.9276133,0.19580067741515372,0.9993052059792987,5,p0_R5p_mut
Unc13b,1.2578217,1.5641942,0.20845626594795807,0.9993052059792987,5,p0_R5p_mut
Ccdc88a,1.2499284,0.6536944,0.21132573782711872,0.9993052059792987,5,p0_R5p_mut
Stmn2,1.215883,0.88822794,0.22402948703771297,0.9993052059792987,5,p0_R5p_mut
Gng3,1.1981581,2.5117316,0.23085546474299878,0.9993052059792987,5,p0_R5p_mut
Dnajc27,1.1479048,2.3188183,0.25100786292720434,0.9993052059792987,5,p0_R5p_mut
Kcnh7,1.1349553,1.9903713,0.2563940729097933,0.9993052059792987,5,p0_R5p_mut
Plxna1,1.1232978,2.0043569,0.2613110296399037,0.9993052059792987,5,p0_R5p_mut
Gabbr1,1.1006852,0.34387675,0.27103367571099646,0.9993052059792987,5,p0_R5p_mut
Clstn2,1.0972302,2.1968026,0.27254080021209437,0.9993052059792987,5,p0_R5p_mut
Stxbp1,1.0848986,0.35869306,0.27796658735428426,0.9993052059792987,5,p0_R5p_mut
Camk2b,1.0840559,1.3324167,0.2783400359379632,0.9993052059792987,5,p0_R5p_mut
Srsf11,1.0776513,1.2383039,0.2811894026572095,0.9993052059792987,5,p0_R5p_mut
Rras2,1.0774547,2.549556,0.28127719535166806,0.9993052059792987,5,p0_R5p_mut
Dync1i1,1.0623702,2.3554013,0.2880676385506524,0.9993052059792987,5,p0_R5p_mut
Stmn1,1.0581286,1.0794265,0.289996806068779,0.9993052059792987,5,p0_R5p_mut
Cplx2,1.0472578,1.1785182,0.2949807265934957,0.9993052059792987,5,p0_R5p_mut
Neurod2,1.0394206,0.554199,0.2986091810544962,0.9993052059792987,5,p0_R5p_mut
Slitrk1,0.996555,1.2415494,0.31898057191333284,0.9993052059792987,5,p0_R5p_mut
Cdh2,0.9915549,0.4020996,0.32141468874105206,0.9993052059792987,5,p0_R5p_mut
Srgap1,0.98860544,0.57915866,0.3228562172660242,0.9993052059792987,5,p0_R5p_mut
Ap2a1,0.98461664,2.0760367,0.3248124086837708,0.9993052059792987,5,p0_R5p_mut
Cacnb4,0.9629591,1.1587495,0.3355680351323864,0.9993052059792987,5,p0_R5p_mut
Mef2c,0.9019754,3.6056905,0.3670699528467595,0.9993052059792987,5,p0_R5p_mut
Ptprj,0.8919753,0.35170108,0.3724061893399462,0.9993052059792987,5,p0_R5p_mut
Lrrc4c,0.89110446,1.0900538,0.37287312612239465,0.9993052059792987,5,p0_R5p_mut
Tcf7l2,7.4475703,5.5912476,9.507473555027735e-14,3.042391537608875e-11,3,p0_R5p_mut
Snhg11,6.378351,4.6640306,1.790043952464901e-10,4.296105485915762e-08,3,p0_R5p_mut
Ntm,5.5013876,4.740141,3.7681393551162414e-08,7.234827561823184e-06,3,p0_R5p_mut
Srgap1,5.1485305,2.697068,2.6253489442054966e-07,4.200558310728794e-05,3,p0_R5p_mut
Atp1a3,4.4534655,1.5559748,8.449536941933922e-06,0.0011587936377509378,3,p0_R5p_mut
Dnm1,4.3663526,1.8828909,1.2633859914747598e-05,0.0015160631897697117,3,p0_R5p_mut
Cadm1,4.2370834,1.6625687,2.264420823954619e-05,0.0024153822122182605,3,p0_R5p_mut
Stxbp1,4.101075,1.2830395,4.112348989658649e-05,0.003947855030072303,3,p0_R5p_mut
Cntn4,4.008507,6.7953315,6.110388476791144e-05,0.004888310781432915,3,p0_R5p_mut
Bin1,3.5806148,1.5894854,0.0003427865306389195,0.02276335264757834,3,p0_R5p_mut
Epb41l1,3.5709584,2.2657812,0.00035567738511841154,0.02276335264757834,3,p0_R5p_mut
Cacna1b,2.9829025,2.5654173,0.0028552895181757575,0.1442672598657225,3,p0_R5p_mut
Gabbr1,2.828223,1.1957908,0.0046807175021224045,0.22467444010187543,3,p0_R5p_mut
Grin1,2.650088,1.9773213,0.008047081187508695,0.3678665685718261,3,p0_R5p_mut
Id4,2.5302129,3.1440938,0.011399332941044867,0.4799227651672835,3,p0_R5p_mut
Tubb3,2.4866564,1.4430677,0.012894985438666531,0.4799227651672835,3,p0_R5p_mut
Stmn2,2.4853144,1.4557132,0.012943703946552613,0.4799227651672835,3,p0_R5p_mut
Sdc3,2.4838266,1.8653315,0.012997908223280594,0.4799227651672835,3,p0_R5p_mut
Stx1b,2.4450545,1.5590217,0.014483019628863949,0.4965606729896211,3,p0_R5p_mut
Slc17a6,2.2647023,3.8499212,0.02353095263446906,0.7487979817880992,3,p0_R5p_mut
Nrcam,2.2088346,1.3327106,0.02718615203494808,0.8155845610484425,3,p0_R5p_mut
Ncam1,2.1483865,1.0614321,0.031683067619759656,0.9216892398475536,3,p0_R5p_mut
Gnai1,1.9758819,1.6070386,0.04816815605679058,0.999185294291426,3,p0_R5p_mut
Nectin1,1.9173009,4.243711,0.055199711382460125,0.999185294291426,3,p0_R5p_mut
Cntn6,1.8761951,5.168086,0.06062849806875776,0.999185294291426,3,p0_R5p_mut
Sp9,1.8632419,5.1951356,0.06242823799936259,0.999185294291426,3,p0_R5p_mut
Gria2,1.8593618,0.504416,0.06297587213817891,0.999185294291426,3,p0_R5p_mut
Gng2,1.8436955,1.0489213,0.065227531762497,0.999185294291426,3,p0_R5p_mut
Unc13c,1.8423243,4.597385,0.06542772520522191,0.999185294291426,3,p0_R5p_mut
Grm3,1.7768875,1.3177027,0.07558674773746339,0.999185294291426,3,p0_R5p_mut
Gng4,1.7757789,4.440047,0.07576936371807864,0.999185294291426,3,p0_R5p_mut
Gnas,1.6780467,1.4111015,0.0933379728857277,0.999185294291426,3,p0_R5p_mut
Gap43,1.6239002,1.7347926,0.10439710750775266,0.999185294291426,3,p0_R5p_mut
Limk1,1.601699,0.91938084,0.10922219454112796,0.999185294291426,3,p0_R5p_mut
Grik3,1.5273058,1.9126811,0.12668498296296563,0.999185294291426,3,p0_R5p_mut
Lrrc4c,1.438034,1.5328882,0.15042439378944253,0.999185294291426,3,p0_R5p_mut
Rgs3,1.4230095,1.5667906,0.15473338673365064,0.999185294291426,3,p0_R5p_mut
Gnb1,1.4188086,1.5034487,0.15595484639739482,0.999185294291426,3,p0_R5p_mut
Crmp1,1.4087436,0.76355356,0.15891100620216303,0.999185294291426,3,p0_R5p_mut
Negr1,1.4065847,1.611436,0.1595505692357999,0.999185294291426,3,p0_R5p_mut
Sema4f,1.391356,1.6405505,0.16411750102270917,0.999185294291426,3,p0_R5p_mut
Ssh3,1.3899264,4.2333155,0.16455120313258143,0.999185294291426,3,p0_R5p_mut
Dpysl2,1.3664999,1.0979757,0.17178210121475757,0.999185294291426,3,p0_R5p_mut
Stx1a,1.3519131,2.674864,0.17640313414545383,0.999185294291426,3,p0_R5p_mut
Syn1,1.3378805,1.730582,0.18093540931930674,0.999185294291426,3,p0_R5p_mut
Unc13b,1.3340003,1.3542565,0.1822037443405522,0.999185294291426,3,p0_R5p_mut
Idh2,1.3095819,1.0274292,0.1903373192365635,0.999185294291426,3,p0_R5p_mut
Shank1,1.3030177,2.092135,0.19256868941470773,0.999185294291426,3,p0_R5p_mut
Gnal,1.2855427,2.066077,0.19860270852801565,0.999185294291426,3,p0_R5p_mut
Syt1,1.2816918,2.3703117,0.19995079953782557,0.999185294291426,3,p0_R5p_mut
Epb41l1,1.7779505,2.5090716,0.07541197439141445,0.9991970273703789,10,p0_R5p_mut
Cadm1,1.7215935,1.2901917,0.08514319120912311,0.9991970273703789,10,p0_R5p_mut
Gabbr1,1.6736581,1.6465813,0.09419780992778311,0.9991970273703789,10,p0_R5p_mut
Stmn1,1.4675097,2.1740417,0.14223745044732475,0.9991970273703789,10,p0_R5p_mut
Gabbr2,1.4275724,2.9208233,0.1534149649143296,0.9991970273703789,10,p0_R5p_mut
Plxna2,1.1653847,3.8497927,0.24386330638026887,0.9991970273703789,10,p0_R5p_mut
Cdh2,1.1036779,0.8819931,0.2697328875353696,0.9991970273703789,10,p0_R5p_mut
Creb1,1.0571727,4.650909,0.2904327861577033,0.9991970273703789,10,p0_R5p_mut
Cacnb4,1.0190892,2.359273,0.3081605969973328,0.9991970273703789,10,p0_R5p_mut
Ap2b1,1.0143222,4.721293,0.3104290338309422,0.9991970273703789,10,p0_R5p_mut
Trpc4,0.96802884,2.415749,0.33302995981060934,0.9991970273703789,10,p0_R5p_mut
Syp,0.8910145,3.104817,0.3729213804518008,0.9991970273703789,10,p0_R5p_mut
Neo1,0.84546274,1.3555655,0.3978525421586183,0.9991970273703789,10,p0_R5p_mut
Prkca,0.77623457,1.8844994,0.437610502806948,0.9991970273703789,10,p0_R5p_mut
Stx16,0.7620923,2.3909326,0.4460049093527404,0.9991970273703789,10,p0_R5p_mut
Cd70,0.751287,5.9135118,0.45247994966659055,0.9991970273703789,10,p0_R5p_mut
Cntn6,0.74863863,6.820801,0.4540750351017072,0.9991970273703789,10,p0_R5p_mut
Cx3cl1,0.7427593,5.834969,0.45762743225636837,0.9991970273703789,10,p0_R5p_mut
Cacna2d2,0.73153025,4.490694,0.46445534632117147,0.9991970273703789,10,p0_R5p_mut
Atp6v1d,0.72427374,4.588914,0.4688977064224725,0.9991970273703789,10,p0_R5p_mut
Prkcz,0.7175469,3.4146252,0.47303671749015586,0.9991970273703789,10,p0_R5p_mut
Epm2a,0.7143159,3.1389267,0.4750318716425902,0.9991970273703789,10,p0_R5p_mut
Kcnb1,0.68126434,2.5266798,0.49570424175811034,0.9991970273703789,10,p0_R5p_mut
Atp1a1,0.67623246,1.701045,0.49889306885132423,0.9991970273703789,10,p0_R5p_mut
Trpc5,0.6611368,3.425789,0.5085245874108865,0.9991970273703789,10,p0_R5p_mut
Unc13b,0.66039526,2.158648,0.5090002140914315,0.9991970273703789,10,p0_R5p_mut
Dnm1,0.6447699,1.1075938,0.5190762914249499,0.9991970273703789,10,p0_R5p_mut
Plxnc1,0.643075,2.2827802,0.5201754492886062,0.9991970273703789,10,p0_R5p_mut
Vldlr,0.63179296,2.505775,0.5275221734597897,0.9991970273703789,10,p0_R5p_mut
Sema4g,0.62443054,2.241111,0.5323448878717092,0.9991970273703789,10,p0_R5p_mut
Gabra1,0.61367816,2.3214686,0.5394280143641237,0.9991970273703789,10,p0_R5p_mut
Gria2,0.5862941,0.32972947,0.5576778801747148,0.9991970273703789,10,p0_R5p_mut
Atp6v0b,0.57983214,3.6412094,0.5620278335774225,0.9991970273703789,10,p0_R5p_mut
Atp1b2,0.56907976,3.5459492,0.5693020017900601,0.9991970273703789,10,p0_R5p_mut
Epha7,0.53179085,1.5361096,0.5948708564004268,0.9991970273703789,10,p0_R5p_mut
Lrrc4b,0.49836853,0.96963996,0.6182243048407705,0.9991970273703789,10,p0_R5p_mut
Gabra4,0.47670496,2.7652633,0.6335722369454305,0.9991970273703789,10,p0_R5p_mut
Fubp1,0.47199088,2.5715144,0.6369333064265346,0.9991970273703789,10,p0_R5p_mut
Syn1,0.46494624,1.681286,0.6419699639010326,0.9991970273703789,10,p0_R5p_mut
Cacna2d1,0.4551473,0.31847638,0.6490032757605013,0.9991970273703789,10,p0_R5p_mut
Socs7,0.4493209,2.5459716,0.6532001832429268,0.9991970273703789,10,p0_R5p_mut
Hcn1,0.39879018,0.5172359,0.690047817058276,0.9991970273703789,10,p0_R5p_mut
Nlgn2,0.39873722,0.53532195,0.6900868488145004,0.9991970273703789,10,p0_R5p_mut
Neurod2,0.3956651,0.4789943,0.6923520981574323,0.9991970273703789,10,p0_R5p_mut
Spi1,0.392593,6.5711184,0.6946201026332242,0.9991970273703789,10,p0_R5p_mut
Cd28,0.3900506,8.581593,0.6964991425185789,0.9991970273703789,10,p0_R5p_mut
Negr1,0.38957387,2.0247328,0.6968516703590308,0.9991970273703789,10,p0_R5p_mut
Mboat7,0.38507167,5.6285906,0.7001843197894528,0.9991970273703789,10,p0_R5p_mut
Homer2,0.38348264,7.558645,0.7013619326193967,0.9991970273703789,10,p0_R5p_mut
Mthfs,0.3814699,7.001201,0.7028546056680698,0.9991970273703789,10,p0_R5p_mut
Chd7,1.9999892,1.8649297,0.045501436843948556,0.9991970273703789,15,p0_R5p_mut
Nfib,1.5743976,0.68876225,0.11539556965747648,0.9991970273703789,15,p0_R5p_mut
Rspo3,1.5362612,8.767467,0.12447434252131699,0.9991970273703789,15,p0_R5p_mut
Syt9,1.4677745,6.904398,0.14216547442579747,0.9991970273703789,15,p0_R5p_mut
Syt6,1.4371065,4.5615563,0.15068772743140788,0.9991970273703789,15,p0_R5p_mut
Slc17a6,1.4142247,4.7821994,0.15729594156472368,0.9991970273703789,15,p0_R5p_mut
Nipbl,1.2433524,2.1844819,0.21373798563918323,0.9991970273703789,15,p0_R5p_mut
Nrcam,1.2353544,2.2268686,0.21669863716074955,0.9991970273703789,15,p0_R5p_mut
Gnas,1.1467932,1.8815941,0.251467096105792,0.9991970273703789,15,p0_R5p_mut
Slc2a13,1.1005528,5.111674,0.2710913247521455,0.9991970273703789,15,p0_R5p_mut
Smad1,1.0751286,4.2168336,0.2823171717783016,0.9991970273703789,15,p0_R5p_mut
Apcdd1,1.0052118,1.963117,0.3147948552990357,0.9991970273703789,15,p0_R5p_mut
Cul1,0.96834666,2.603949,0.33287127061856114,0.9991970273703789,15,p0_R5p_mut
Slc38a2,0.9302632,3.5032697,0.3522348119701679,0.9991970273703789,15,p0_R5p_mut
Fzd3,0.9174981,1.726062,0.3588816730431652,0.9991970273703789,15,p0_R5p_mut
Bin1,0.8908026,1.3901833,0.3730350524536208,0.9991970273703789,15,p0_R5p_mut
Axin2,0.8145828,1.4984205,0.415311143943225,0.9991970273703789,15,p0_R5p_mut
Grk2,0.8055784,1.0937449,0.42048598442890417,0.9991970273703789,15,p0_R5p_mut
Robo3,0.7871458,9.97745,0.431196516249039,0.9991970273703789,15,p0_R5p_mut
Huwe1,0.77406293,0.7014524,0.4388935921861904,0.9991970273703789,15,p0_R5p_mut
Sox4,0.7661178,1.0223501,0.4436061988080159,0.9991970273703789,15,p0_R5p_mut
Slc25a18,0.7498039,6.5103207,0.4533728072107275,0.9991970273703789,15,p0_R5p_mut
Csf1r,0.73115945,4.2359285,0.4646817589945922,0.9991970273703789,15,p0_R5p_mut
Eomes,0.7185003,3.8365908,0.47244886584071366,0.9991970273703789,15,p0_R5p_mut
Cdh20,0.6925993,3.57657,0.4885610331934477,0.9991970273703789,15,p0_R5p_mut
Rock2,0.6857666,4.0203056,0.492860329496677,0.9991970273703789,15,p0_R5p_mut
Cep44,0.6845483,4.777496,0.49362899480680944,0.9991970273703789,15,p0_R5p_mut
Atp1a1,0.66352034,1.2775626,0.5069973670374175,0.9991970273703789,15,p0_R5p_mut
Plxnc1,0.64731234,2.6314337,0.5174298062583675,0.9991970273703789,15,p0_R5p_mut
Igfbpl1,0.64392245,1.8228681,0.5196257204018481,0.9991970273703789,15,p0_R5p_mut
Cntnap2,0.6393143,3.8739564,0.5226184834709,0.9991970273703789,15,p0_R5p_mut
Elavl4,0.6109239,2.8992815,0.5412499760805733,0.9991970273703789,15,p0_R5p_mut
Cdc42,0.60160166,2.0814664,0.5474393316620335,0.9991970273703789,15,p0_R5p_mut
Ptprj,0.5844932,1.0095457,0.5588885140599993,0.9991970273703789,15,p0_R5p_mut
Insm1,0.57834905,2.776202,0.5630284918316876,0.9991970273703789,15,p0_R5p_mut
Shank1,0.5776075,3.532112,0.5635291430523535,0.9991970273703789,15,p0_R5p_mut
Ptprs,0.5632004,0.37397328,0.5732984197790845,0.9991970273703789,15,p0_R5p_mut
Neurod1,0.5535074,2.1304948,0.579916004449342,0.9991970273703789,15,p0_R5p_mut
Epha7,0.5522362,1.5020036,0.5807865342417462,0.9991970273703789,15,p0_R5p_mut
Grk3,0.5499586,2.2056708,0.5823477616751574,0.9991970273703789,15,p0_R5p_mut
Cacna1a,0.52437544,1.5019491,0.6000174311796795,0.9991970273703789,15,p0_R5p_mut
Diablo,0.5188139,2.3580241,0.6038905320803081,0.9991970273703789,15,p0_R5p_mut
Apoe,0.48798698,2.4140227,0.625559071876786,0.9991970273703789,15,p0_R5p_mut
Syp,0.48692763,2.039147,0.6263096222348024,0.9991970273703789,15,p0_R5p_mut
Arhgef12,0.48306102,1.1123797,0.6290524125302988,0.9991970273703789,15,p0_R5p_mut
Rhob,0.47638714,1.8280994,0.6337985893767675,0.9991970273703789,15,p0_R5p_mut
Mest,0.4737388,2.519892,0.6356861907467203,0.9991970273703789,15,p0_R5p_mut
Fubp1,0.4598084,1.7338883,0.6456537470738271,0.9991970273703789,15,p0_R5p_mut
Gabra4,0.4577427,1.3670596,0.6471373158833509,0.9991970273703789,15,p0_R5p_mut
Ccdc88a,0.4494798,1.1087879,0.6530855756832227,0.9991970273703789,15,p0_R5p_mut
Atp1a3,1.8860993,2.482983,0.05928157680007335,0.9994793445860806,9,p0_R5p_mut
Sema3e,1.7876465,10.689596,0.07383304510982298,0.9994793445860806,9,p0_R5p_mut
Snhg11,1.5463681,2.9099472,0.12201568694975226,0.9994793445860806,9,p0_R5p_mut
Erbb4,1.5033002,3.1069868,0.13276165662523579,0.9994793445860806,9,p0_R5p_mut
Ptprj,1.4634134,1.9896195,0.1433543036161723,0.9994793445860806,9,p0_R5p_mut
Grin1,1.3417953,3.360574,0.17966236956510617,0.9994793445860806,9,p0_R5p_mut
Bin1,1.3013376,1.5384856,0.193142942364664,0.9994793445860806,9,p0_R5p_mut
Pax6,1.2583512,2.6434834,0.2082647900704977,0.9994793445860806,9,p0_R5p_mut
Six3,1.1919547,6.9057517,0.23327900291751724,0.9994793445860806,9,p0_R5p_mut
Gad2,1.1853477,8.213756,0.23588000228059036,0.9994793445860806,9,p0_R5p_mut
Rgs16,1.1758858,7.7641816,0.2396405152965725,0.9994793445860806,9,p0_R5p_mut
Aqp4,1.1668317,5.0701094,0.24327832754903167,0.9994793445860806,9,p0_R5p_mut
Cntn4,1.1620193,5.0874543,0.245227658321436,0.9994793445860806,9,p0_R5p_mut
Dyrk1a,1.1567173,2.467956,0.24738788244370813,0.9994793445860806,9,p0_R5p_mut
Nxph1,1.0885264,3.6476874,0.27636280762122356,0.9994793445860806,9,p0_R5p_mut
Tet2,1.080859,1.1291683,0.27975985900636957,0.9994793445860806,9,p0_R5p_mut
Grik1,1.065932,4.7715716,0.2864543859884694,0.9994793445860806,9,p0_R5p_mut
Syt1,1.055736,4.616236,0.2910888547967506,0.9994793445860806,9,p0_R5p_mut
Apoe,1.0219668,3.3480914,0.30679662205493785,0.9994793445860806,9,p0_R5p_mut
Arhgef9,1.0046743,2.7593284,0.31505368546933143,0.9994793445860806,9,p0_R5p_mut
Ntm,0.98167217,2.9384022,0.3262613951484511,0.9994793445860806,9,p0_R5p_mut
Cfl1,0.97025263,2.838432,0.33192059531074203,0.9994793445860806,9,p0_R5p_mut
Gnai3,0.9613617,3.6966696,0.33637034400571153,0.9994793445860806,9,p0_R5p_mut
Rgs3,0.9554072,2.9214041,0.3393718093800592,0.9994793445860806,9,p0_R5p_mut
Grm3,0.9107079,2.463643,0.3624493065772407,0.9994793445860806,9,p0_R5p_mut
Cux2,0.8956178,1.6600364,0.37045693147007264,0.9994793445860806,9,p0_R5p_mut
Fxyd6,0.8498581,2.103515,0.39540399289567196,0.9994793445860806,9,p0_R5p_mut
Arhgef12,0.84969497,3.0525336,0.3954947089255557,0.9994793445860806,9,p0_R5p_mut
Klhl24,0.8395805,2.6067815,0.4011436357325766,0.9994793445860806,9,p0_R5p_mut
Itgb1,0.8257955,1.6229836,0.4089201120262025,0.9994793445860806,9,p0_R5p_mut
Srgap3,0.71257895,1.0418665,0.4761063336836381,0.9994793445860806,9,p0_R5p_mut
Gnao1,0.7024645,1.9359453,0.4823895224081599,0.9994793445860806,9,p0_R5p_mut
Dpysl2,0.67750466,1.334224,0.4980858034710929,0.9994793445860806,9,p0_R5p_mut
Gnaq,0.6761996,1.5984677,0.49891393437449927,0.9994793445860806,9,p0_R5p_mut
Rtn4,0.65050566,1.0237557,0.5153656632736279,0.9994793445860806,9,p0_R5p_mut
Il33,0.6067851,12.81208,0.5439935173532753,0.9994793445860806,9,p0_R5p_mut
Stx11,0.60515374,11.14242,0.5450768308492975,0.9994793445860806,9,p0_R5p_mut
Fas,0.60189104,6.2415752,0.5472466660151936,0.9994793445860806,9,p0_R5p_mut
Stx1b,0.58941114,1.1251526,0.5555855159294552,0.9994793445860806,9,p0_R5p_mut
Mex3a,0.58598524,0.8047989,0.5578854176553205,0.9994793445860806,9,p0_R5p_mut
Dlx5,0.58451706,5.344885,0.5588725056633093,0.9994793445860806,9,p0_R5p_mut
Cntn6,0.58190686,5.6549044,0.5606294204466176,0.9994793445860806,9,p0_R5p_mut
Gng12,0.57774687,6.842948,0.5634350199223686,0.9994793445860806,9,p0_R5p_mut
Gabra3,0.57684964,5.6049075,0.5640410354252934,0.9994793445860806,9,p0_R5p_mut
Cacna2d2,0.5734238,5.3975983,0.5663577958828923,0.9994793445860806,9,p0_R5p_mut
Slc32a1,0.5711399,5.9100366,0.5679048349141791,0.9994793445860806,9,p0_R5p_mut
Efna5,0.5631462,3.1056964,0.5733353378047864,0.9994793445860806,9,p0_R5p_mut
Unc13c,0.56143326,3.0250072,0.5745022127213584,0.9994793445860806,9,p0_R5p_mut
Atp6v0a2,0.56012815,3.1688173,0.5753920139725316,0.9994793445860806,9,p0_R5p_mut
Arx,0.5587415,2.8244264,0.5763381407499646,0.9994793445860806,9,p0_R5p_mut
