,Cluster_1,Cluster_10,Cluster_11,Cluster_12,Cluster_13,Cluster_14,Cluster_15,Cluster_16,Cluster_17,Cluster_18,Cluster_19,Cluster_2,Cluster_20,Cluster_21,Cluster_22,Cluster_23,Cluster_3,Cluster_4,Cluster_5,Cluster_6,Cluster_7,Cluster_9,Cluster_0.0,Cluster_0.1
Cluster_1,0.9999999999999998,0.0739880134730001,0.10992032157285694,0.0038796109256295248,-0.0031066934935381914,0.2835188568825768,0.3166139554765548,0.03848477944490947,0.12523045798573565,0.1380680832836864,0.07373418676487112,0.1194918938386191,0.007177631340723572,0.08711114477475707,0.16471138137500024,0.05665370123768526,0.11683486661008553,0.09294838402179416,0.02740684545852508,0.11861543769025093,0.08978186305598349,0.16586929767209943,0.06850704367793137,0.14503898701365867
Cluster_10,0.0739880134730001,1.0,0.23953427973066999,0.044027612265722174,0.14821059378008802,0.35744855333271147,0.04856137213361755,0.04816503902220203,0.1326530897320072,0.17285255566411467,0.1366383683583543,0.13030613779048777,0.026758369990802628,0.20330485258157519,0.13410437423563815,0.08433822880685723,0.20894538023696851,0.24055617238559746,0.2136841329923825,0.11929271461852756,0.22460182835318343,0.13440527093022184,0.1505220804852305,0.19020168787086297
Cluster_11,0.10992032157285696,0.23953427973066999,1.0,0.04094024395863967,0.17650219328348518,0.7004818952330395,0.16396125700173844,0.11490129708886619,0.23911264122058898,0.28794376322187176,0.1326842162452692,0.16359317322562,0.04989881995683769,0.1987072113325518,0.1780402910772628,0.11980593772884081,0.25459632446895153,0.31954231811068357,0.2209604935352332,0.19762956563374093,0.29119656903272595,0.1989773388727481,0.24510731756620308,0.2181400875326271
Cluster_12,0.0038796109256295248,0.04402761226572217,0.04094024395863966,1.0,-0.038717862037232785,0.016418309094085183,0.15859304454360573,0.049511335059160416,0.053291061202852916,0.03344042814625181,0.01835696914424282,0.02866952923086293,-0.0064260771354074046,-0.010383803167966207,0.061771596879928586,0.03144829844136348,0.06395829265591216,0.007247119278449521,-0.024507268588689873,0.010489546364844235,0.027649008714679714,0.03335499768972722,0.02295525010008989,0.03513989237134454
Cluster_13,-0.0031066934935381914,0.14821059378008802,0.17650219328348515,-0.038717862037232785,1.0,0.21314598877057295,0.051337424700304335,0.022742400865059895,0.13014649758728336,0.041831455980185166,0.231510060521419,0.3259593167032055,0.06083816156641075,0.24714420764960193,0.14246397717774323,0.09638796030891351,0.08182020549043041,0.4897680750855686,0.6982297196405041,0.15405545341757468,0.5064509503794153,0.2387634632899747,0.33530480638492943,0.2691048793925198
Cluster_14,0.2835188568825768,0.35744855333271147,0.7004818952330394,0.016418309094085183,0.21314598877057292,1.0,0.25411579377544935,0.14706682460803297,0.3831282913103664,0.41496477006600346,0.2518619692103707,0.24363577318685556,0.07233853241992787,0.3407366200529766,0.3709268715397899,0.17461629055311398,0.3697377425911885,0.4921237430416592,0.274950817968931,0.4034785843915248,0.39007159780697,0.31224459301584123,0.3080093660600471,0.38393571866954224
Cluster_15,0.3166139554765548,0.04856137213361755,0.16396125700173847,0.15859304454360573,0.05133742470030434,0.25411579377544935,1.0,0.061624875330091124,0.2596927572141198,0.17802509313372142,0.12136467900701804,0.27398086800127325,0.08779081094939027,0.19035909052881492,0.38581990556826423,0.1096237170325167,0.08396962277345901,0.22140096705157716,0.05688156466626104,0.19291243381556164,0.2247589266300351,0.3925525405341689,0.17454610366911577,0.3636517042094341
Cluster_16,0.03848477944490947,0.04816503902220204,0.11490129708886618,0.049511335059160416,0.02274240086505989,0.14706682460803297,0.061624875330091124,1.0,0.0597152995277364,0.11400459748084273,0.04984923121777416,0.03791897265266871,-0.004018830338810329,0.09059364657776446,0.05180315783819741,0.032714402824504454,0.30693541614778425,0.06920122415038216,0.05058032010423416,0.09491835696885766,0.06656193964483532,0.055224747940937235,0.056003903717137954,0.10276939329598433
Cluster_17,0.12523045798573565,0.13265308973200723,0.23911264122058895,0.05329106120285291,0.13014649758728336,0.38312829131036635,0.2596927572141198,0.0597152995277364,1.0,0.18499164422576037,0.20984511467743855,0.2592867147986015,0.0895315826830269,0.24664404853938388,0.25256053872986084,0.08887899998597353,0.12819729676749128,0.41722177751925443,0.2117621729003491,0.207272480893592,0.332329963096445,0.2667407133186862,0.2595444770888904,0.27903195071546777
Cluster_18,0.1380680832836864,0.17285255566411464,0.28794376322187176,0.03344042814625181,0.041831455980185166,0.41496477006600346,0.17802509313372142,0.11400459748084273,0.18499164422576034,1.0,0.08285313973791777,0.10511529094974117,0.01995592679496812,0.21080408928329253,0.16083780117892194,0.13715152675361889,0.43157133850869017,0.12869957434974313,0.06611613424168448,0.17258618499901043,0.11421664424304637,0.07300638513684743,0.0813515281337409,0.11693943959837294
Cluster_19,0.07373418676487112,0.1366383683583543,0.1326842162452692,0.01835696914424282,0.23151006052141898,0.2518619692103707,0.12136467900701806,0.04984923121777416,0.20984511467743855,0.08285313973791777,1.0,0.29673571039947855,0.07227689573284367,0.22874731227374584,0.1869903454529221,0.07449604870993543,0.0925902272453326,0.5477292097341981,0.3015665938012468,0.1830975585305866,0.4360611284472126,0.32727426736815673,0.2536668015201695,0.28878216626539827
Cluster_2,0.11949189383861908,0.13030613779048777,0.16359317322562,0.02866952923086293,0.3259593167032055,0.24363577318685556,0.27398086800127325,0.03791897265266871,0.2592867147986015,0.10511529094974119,0.29673571039947855,1.0,0.08303183703181134,0.21187817693170852,0.21843090886723932,0.10279263797202853,0.07121604514845258,0.6096623201499245,0.3665361082768477,0.17672084367564186,0.5546348641818349,0.3767604441857845,0.37028988609805147,0.35492274617289155
Cluster_20,0.007177631340723572,0.026758369990802628,0.049898819956837696,-0.006426077135407405,0.060838161566410746,0.07233853241992787,0.08779081094939027,-0.004018830338810328,0.0895315826830269,0.019955926794968118,0.07227689573284367,0.08303183703181134,1.0,0.06882364877358126,0.07689297152917615,0.02594406213859786,0.04084254611330793,0.13473615153633065,0.06924814882550502,0.037180046736194475,0.1328421012489248,0.09235237594016142,0.08999544921110365,0.15033455021282896
Cluster_21,0.08711114477475705,0.2033048525815752,0.19870721133255181,-0.010383803167966206,0.24714420764960193,0.34073662005297656,0.19035909052881492,0.09059364657776446,0.24664404853938388,0.21080408928329256,0.22874731227374587,0.21187817693170852,0.06882364877358126,1.0,0.3179271502300091,0.10651968579871485,0.28754554519230024,0.4419018736744474,0.36502371353277946,0.2438898327689756,0.4039842057618775,0.28298951150038487,0.27920923468649134,0.3099478033572565
Cluster_22,0.16471138137500024,0.13410437423563815,0.17804029107726282,0.06177159687992859,0.14246397717774326,0.37092687153978987,0.38581990556826423,0.05180315783819742,0.25256053872986084,0.16083780117892194,0.1869903454529221,0.21843090886723934,0.07689297152917615,0.31792715023000917,1.0,0.16820512107010366,0.07294738434410293,0.3698548637714091,0.18020191851485115,0.21307160062689903,0.30690393705093444,0.2853921280503661,0.22557430000482712,0.29896987656319157
Cluster_23,0.05665370123768526,0.08433822880685723,0.11980593772884081,0.03144829844136348,0.09638796030891351,0.17461629055311395,0.10962371703251671,0.032714402824504454,0.08887899998597353,0.13715152675361889,0.07449604870993543,0.10279263797202855,0.02594406213859786,0.10651968579871485,0.16820512107010366,1.0,0.12971365081860015,0.15833140323381123,0.1031027963232763,0.08248242295333705,0.15075603294857629,0.10213894936320744,0.09762853080042026,0.1087755084519537
Cluster_3,0.11683486661008552,0.20894538023696851,0.2545963244689516,0.06395829265591216,0.08182020549043041,0.3697377425911885,0.08396962277345903,0.30693541614778425,0.12819729676749128,0.4315713385086901,0.0925902272453326,0.07121604514845258,0.04084254611330793,0.2875455451923002,0.07294738434410293,0.12971365081860015,0.9999999999999999,0.14563955292271924,0.10813186996915211,0.15168782058696315,0.13539734615015797,0.06583437238126688,0.10329239930339146,0.13461645117645013
Cluster_4,0.09294838402179416,0.24055617238559743,0.3195423181106835,0.007247119278449521,0.4897680750855686,0.4921237430416592,0.22140096705157716,0.06920122415038216,0.41722177751925443,0.1286995743497431,0.5477292097341981,0.6096623201499245,0.13473615153633065,0.4419018736744474,0.3698548637714091,0.15833140323381123,0.14563955292271924,1.0,0.5948790446953582,0.3130953112303608,0.885606734765887,0.5921073992202541,0.5977406604713325,0.560436628273443
Cluster_5,0.02740684545852508,0.2136841329923825,0.2209604935352332,-0.024507268588689873,0.6982297196405041,0.274950817968931,0.056881564666261035,0.05058032010423417,0.2117621729003491,0.06611613424168447,0.3015665938012468,0.3665361082768477,0.06924814882550502,0.36502371353277946,0.18020191851485118,0.10310279632327629,0.10813186996915211,0.5948790446953582,0.9999999999999999,0.17719792480679283,0.6222410106051378,0.3209392143730451,0.43775480936357203,0.31826920761956085
Cluster_6,0.11861543769025094,0.11929271461852756,0.19762956563374093,0.010489546364844237,0.15405545341757468,0.4034785843915248,0.19291243381556164,0.09491835696885764,0.207272480893592,0.17258618499901043,0.1830975585305866,0.17672084367564186,0.037180046736194475,0.2438898327689756,0.21307160062689903,0.08248242295333705,0.15168782058696312,0.3130953112303608,0.17719792480679283,1.0,0.2550059510799384,0.21775597481271083,0.17438737981102262,0.24022627428298515
Cluster_7,0.08978186305598349,0.2246018283531834,0.29119656903272595,0.02764900871467971,0.5064509503794153,0.39007159780697,0.2247589266300351,0.06656193964483534,0.33232996309644497,0.11421664424304638,0.4360611284472126,0.5546348641818349,0.1328421012489248,0.4039842057618775,0.3069039370509345,0.15075603294857629,0.13539734615015797,0.885606734765887,0.6222410106051378,0.2550059510799384,1.0,0.4723205126834686,0.6150814050458215,0.48700338414020033
Cluster_9,0.16586929767209943,0.13440527093022184,0.19897733887274807,0.03335499768972722,0.2387634632899747,0.31224459301584123,0.3925525405341689,0.05522474794093724,0.26674071331868626,0.07300638513684743,0.3272742673681567,0.37676044418578447,0.09235237594016142,0.2829895115003848,0.2853921280503662,0.10213894936320744,0.06583437238126688,0.5921073992202541,0.3209392143730452,0.21775597481271083,0.47232051268346864,1.0,0.3531860994579497,0.4207206756237649
Cluster_0.0,0.06850704367793137,0.15052208048523052,0.2451073175662031,0.022955250100089888,0.3353048063849294,0.3080093660600471,0.1745461036691158,0.056003903717137954,0.25954447708889034,0.0813515281337409,0.2536668015201695,0.37028988609805147,0.08999544921110365,0.27920923468649134,0.2255743000048271,0.09762853080042028,0.10329239930339146,0.5977406604713325,0.4377548093635721,0.17438737981102265,0.6150814050458216,0.3531860994579497,0.9999999999999998,0.38244408160791654
Cluster_0.1,0.14503898701365867,0.190201687870863,0.2181400875326271,0.03513989237134454,0.2691048793925198,0.38393571866954224,0.3636517042094341,0.10276939329598433,0.27903195071546777,0.11693943959837294,0.28878216626539827,0.3549227461728916,0.15033455021282896,0.3099478033572566,0.2989698765631915,0.1087755084519537,0.1346164511764501,0.560436628273443,0.31826920761956085,0.24022627428298515,0.48700338414020033,0.4207206756237649,0.38244408160791654,1.0
