,Cluster_0,Cluster_1,Cluster_2,Cluster_3,Cluster_5,Cluster_6,Cluster_7,Cluster_8,Cluster_9,Cluster_10,Cluster_11,Cluster_12,Cluster_13,Cluster_15,Cluster_16,Cluster_17,Cluster_18,Cluster_19,Cluster_20,Cluster_21,Cluster_22,Cluster_23
Cluster_0,1.0,0.4735376200067981,0.7778967432696378,0.2066401981233673,0.6647771168229578,0.3420181870930666,0.707740598065633,0.3289794051375049,0.6795028670280909,0.31919913145858014,0.4638111479698036,0.23954478895383238,0.3377956646277971,0.16765059174116187,0.06244905836494961,0.6269302285428446,0.08151656567228455,0.580065154933915,0.1716337700296774,0.31513615911007686,0.3988690935082422,0.26059810994682986
Cluster_1,0.4735376200067981,1.0,0.28647136090554126,0.3330404569618835,0.35871014037669785,0.5866764207911137,0.292164858284665,0.16177891546843368,0.4294538280070591,0.4016745088713081,0.6371219405484414,0.20790971449546072,0.12981034129491337,0.15546276163783462,0.12474226864130283,0.35120816637330593,0.20810400039901042,0.41753202468235806,0.3357544778403942,0.2577906035898056,0.3774411380332715,0.26556567031159933
Cluster_2,0.7778967432696379,0.2864713609055412,0.9999999999999998,0.11491120959280988,0.5269318750905722,0.2164523378161905,0.6012341779514322,0.28656892096882336,0.5243996299205707,0.20154950216795645,0.2866920979837614,0.17374837190314985,0.32559745288247166,0.1032849128797657,0.01946019104204016,0.5175089837597845,0.04002220995690838,0.47242277597590926,0.1024389425013273,0.21305113733001776,0.29104123224650336,0.1878957695617012
Cluster_3,0.2066401981233673,0.3330404569618835,0.11491120959280988,1.0,0.15172465213969466,0.22217364057288094,0.11825612464078614,0.05002543178937692,0.18026162366900447,0.21137503476296957,0.2929500042397336,0.14213140675812239,0.06467020544106968,0.073353536014106,0.19197354140831208,0.13481453949519426,0.20701166738082957,0.17500900906977848,0.11970788000202111,0.18956262676784733,0.15235792940176637,0.08886626415209636
Cluster_5,0.6647771168229578,0.3587101403766979,0.5269318750905722,0.15172465213969466,1.0,0.24702990170178435,0.47277747345667437,0.26369995984377703,0.4162420007898679,0.28638451968512024,0.3259027457987835,0.23527004341729252,0.2816155883510474,0.15372365712122157,0.03096988047111367,0.42866048347627156,0.04371284458787284,0.37376705366900803,0.10959779863390844,0.2831405867445379,0.25733831434936394,0.15817325617793476
Cluster_6,0.34201818709306664,0.5866764207911137,0.2164523378161905,0.22217364057288097,0.24702990170178435,1.0,0.21186876120635428,0.12554039056190086,0.3290262938710941,0.27830692861511475,0.4662116534310944,0.13243533862329224,0.09531348442041135,0.10022952900715187,0.08299530936246702,0.275768114291185,0.12713432619010864,0.30407833865204253,0.22332479404664773,0.20745457623273975,0.28793655664074796,0.17612920884027514
Cluster_7,0.7077405980656332,0.29216485828466504,0.6012341779514321,0.11825612464078612,0.47277747345667437,0.21186876120635428,1.0,0.24273689359447193,0.4972533049863217,0.20656796369538794,0.2993744423092387,0.17379224198136134,0.2614064408360532,0.10372689041537639,0.01828524780922145,0.45430257166039695,0.029638934675709612,0.41181300115020203,0.09183012423738356,0.21490755194153516,0.2672696264985585,0.17531809970348364
Cluster_8,0.32897940513750484,0.16177891546843368,0.28656892096882336,0.05002543178937691,0.2636999598437771,0.12554039056190086,0.24273689359447193,0.9999999999999998,0.23640643415533916,0.1319797222110396,0.13345739035121232,0.0902452996915588,0.13488185528912794,0.060890632913376194,0.000890155320595576,0.20331823537340085,0.11284402306762976,0.18306690650088903,0.04827570600471528,0.11765808756196437,0.12246694491748966,0.08576876324110193
Cluster_9,0.6795028670280909,0.4294538280070591,0.5243996299205707,0.18026162366900447,0.4162420007898679,0.3290262938710941,0.4972533049863217,0.23640643415533913,1.0,0.25926657240421347,0.4458501695518905,0.1981010287307794,0.22605727003350573,0.1335137729341042,0.0537040876605492,0.5275703287357631,0.08356053410603496,0.4697587406061926,0.15824009822632634,0.2761264642195276,0.39079678255035044,0.23524471416244652
Cluster_10,0.31919913145858014,0.4016745088713081,0.20154950216795645,0.21137503476296957,0.28638451968512024,0.27830692861511475,0.20656796369538794,0.13197972221103962,0.2592665724042135,1.0,0.43018497908143943,0.17615204534159593,0.09487723422203542,0.06415622587017585,0.06462773491855042,0.221914610541651,0.11961867951058153,0.2269679161280811,0.1292447203804612,0.17613371751862958,0.2066793103601257,0.1534852655263286
Cluster_11,0.4638111479698036,0.6371219405484413,0.28669209798376144,0.2929500042397336,0.3259027457987834,0.4662116534310944,0.29937444230923876,0.13345739035121232,0.4458501695518905,0.43018497908143943,1.0,0.1680005959882589,0.12961038155989907,0.13422707707777357,0.15011814744013624,0.3596780621786876,0.1355942339179998,0.3759163648882106,0.26778320984956133,0.25908849999563804,0.3604893370040963,0.2433591564232153
Cluster_12,0.2395447889538324,0.20790971449546075,0.17374837190314985,0.14213140675812239,0.23527004341729252,0.13243533862329224,0.17379224198136134,0.0902452996915588,0.1981010287307794,0.17615204534159593,0.1680005959882589,1.0,0.0900227144946081,0.05886665271094966,0.06936869023515344,0.15640444386076352,0.08026129268321253,0.14583988181385413,0.07857699743861189,0.11215702079102689,0.12590755443662943,0.07316101717728109
Cluster_13,0.33779566462779703,0.12981034129491334,0.3255974528824717,0.06467020544106966,0.2816155883510474,0.09531348442041135,0.2614064408360532,0.13488185528912794,0.2260572700335057,0.09487723422203541,0.12961038155989907,0.0900227144946081,0.9999999999999998,0.05699497901260147,0.014097595681672207,0.20791373957991233,0.023452192231777053,0.19368261927106123,0.03761921956869581,0.11501707634067357,0.127956432889087,0.07101306470281604
Cluster_15,0.16765059174116187,0.15546276163783462,0.1032849128797657,0.07335353601410602,0.15372365712122157,0.10022952900715187,0.10372689041537639,0.060890632913376194,0.1335137729341042,0.06415622587017586,0.13422707707777357,0.05886665271094966,0.05699497901260147,1.0,0.0370220918453157,0.11002903171410501,0.01760004487916733,0.10867815801468624,0.055056283257591494,0.10895548199249618,0.09555169608609825,0.05378605779034213
Cluster_16,0.06244905836494961,0.12474226864130283,0.01946019104204016,0.19197354140831208,0.03096988047111367,0.08299530936246702,0.01828524780922145,0.000890155320595576,0.0537040876605492,0.06462773491855041,0.15011814744013624,0.06936869023515344,0.014097595681672207,0.0370220918453157,1.0,0.029822571849605656,0.06611904615553868,0.052231073454898164,0.054429544595979956,0.046462875718927904,0.04554349507032189,0.049840156246995386
Cluster_17,0.6269302285428446,0.35120816637330593,0.5175089837597845,0.13481453949519423,0.42866048347627156,0.275768114291185,0.454302571660397,0.20331823537340085,0.5275703287357633,0.221914610541651,0.3596780621786876,0.15640444386076352,0.2079137395799123,0.11002903171410501,0.029822571849605656,1.0,0.051191282573192706,0.42112992288095136,0.12464876931647169,0.24271457008754646,0.31644018131416185,0.18947116834835745
Cluster_18,0.08151656567228455,0.20810400039901042,0.04002220995690838,0.20701166738082957,0.043712844587872834,0.12713432619010864,0.029638934675709615,0.11284402306762976,0.08356053410603495,0.11961867951058153,0.1355942339179998,0.08026129268321253,0.023452192231777053,0.017600044879167335,0.06611904615553868,0.051191282573192706,1.0,0.08809125811812482,0.19575705111973965,0.0680440872821675,0.07141082988812364,0.06941596951657693
Cluster_19,0.580065154933915,0.41753202468235806,0.47242277597590926,0.17500900906977845,0.37376705366900803,0.30407833865204253,0.41181300115020203,0.18306690650088903,0.46975874060619255,0.2269679161280811,0.3759163648882106,0.14583988181385413,0.19368261927106123,0.10867815801468625,0.052231073454898164,0.42112992288095136,0.08809125811812482,0.9999999999999998,0.14865547494201425,0.20548296502371052,0.30055066755230914,0.20881528577798514
Cluster_20,0.17163377002967742,0.3357544778403942,0.10243894250132732,0.1197078800020211,0.10959779863390844,0.22332479404664773,0.09183012423738356,0.04827570600471528,0.15824009822632634,0.12924472038046123,0.26778320984956133,0.0785769974386119,0.037619219568695815,0.05505628325759151,0.054429544595979956,0.12464876931647167,0.19575705111973965,0.14865547494201425,0.9999999999999998,0.11748724894417169,0.13531592469355486,0.09284738379043324
Cluster_21,0.3151361591100769,0.2577906035898056,0.21305113733001774,0.18956262676784733,0.2831405867445379,0.20745457623273977,0.21490755194153519,0.11765808756196436,0.2761264642195275,0.17613371751862958,0.25908849999563804,0.11215702079102689,0.11501707634067358,0.10895548199249618,0.0464628757189279,0.24271457008754643,0.06804408728216749,0.20548296502371052,0.11748724894417167,1.0,0.2561768770031312,0.11077027302314152
Cluster_22,0.39886909350824223,0.3774411380332715,0.2910412322465033,0.15235792940176637,0.25733831434936394,0.28793655664074796,0.2672696264985585,0.12246694491748965,0.39079678255035044,0.20667931036012574,0.3604893370040963,0.12590755443662943,0.127956432889087,0.09555169608609825,0.04554349507032189,0.3164401813141618,0.07141082988812363,0.30055066755230914,0.13531592469355486,0.2561768770031312,1.0,0.16968999940795046
Cluster_23,0.26059810994682986,0.26556567031159933,0.1878957695617012,0.08886626415209636,0.15817325617793476,0.17612920884027514,0.17531809970348364,0.08576876324110191,0.23524471416244655,0.1534852655263286,0.24335915642321532,0.07316101717728109,0.07101306470281604,0.05378605779034212,0.049840156246995386,0.18947116834835745,0.06941596951657693,0.20881528577798514,0.09284738379043325,0.11077027302314153,0.16968999940795043,1.0
